date,product_id,current_stock,safe_stock
2025-06-15,1,156,30
2025-06-15,2,138,25
2025-06-15,3,185,40
2025-06-15,4,136,20
2025-06-15,5,177,35
2025-06-15,6,229,50
2025-06-15,7,202,30
2025-06-15,8,188,25
2025-06-15,9,152,20
2025-06-15,10,127,15
2025-06-16,1,153,30
2025-06-16,2,133,25
2025-06-16,3,174,40
2025-06-16,4,128,20
2025-06-16,5,173,35
2025-06-16,6,224,50
2025-06-16,7,195,30
2025-06-16,8,183,25
2025-06-16,9,147,20
2025-06-16,10,124,15
2025-06-17,1,145,30
2025-06-17,2,127,25
2025-06-17,3,167,40
2025-06-17,4,118,20
2025-06-17,5,171,35
2025-06-17,6,216,50
2025-06-17,7,190,30
2025-06-17,8,177,25
2025-06-17,9,137,20
2025-06-17,10,122,15
2025-06-18,1,139,30
2025-06-18,2,120,25
2025-06-18,3,155,40
2025-06-18,4,111,20
2025-06-18,5,165,35
2025-06-18,6,205,50
2025-06-18,7,183,30
2025-06-18,8,172,25
2025-06-18,9,125,20
2025-06-18,10,116,15
2025-06-19,1,132,30
2025-06-19,2,115,25
2025-06-19,3,145,40
2025-06-19,4,103,20
2025-06-19,5,160,35
2025-06-19,6,198,50
2025-06-19,7,177,30
2025-06-19,8,165,25
2025-06-19,9,114,20
2025-06-19,10,111,15
2025-06-20,1,123,30
2025-06-20,2,110,25
2025-06-20,3,137,40
2025-06-20,4,95,20
2025-06-20,5,154,35
2025-06-20,6,186,50
2025-06-20,7,168,30
2025-06-20,8,156,25
2025-06-20,9,104,20
2025-06-20,10,105,15
2025-06-21,1,114,30
2025-06-21,2,105,25
2025-06-21,3,129,40
2025-06-21,4,87,20
2025-06-21,5,150,35
2025-06-21,6,174,50
2025-06-21,7,157,30
2025-06-21,8,152,25
2025-06-21,9,90,20
2025-06-21,10,96,15
2025-06-22,1,106,30
2025-06-22,2,99,25
2025-06-22,3,120,40
2025-06-22,4,80,20
2025-06-22,5,145,35
2025-06-22,6,164,50
2025-06-22,7,149,30
2025-06-22,8,149,25
2025-06-22,9,78,20
2025-06-22,10,90,15
2025-06-23,1,102,30
2025-06-23,2,93,25
2025-06-23,3,109,40
2025-06-23,4,72,20
2025-06-23,5,140,35
2025-06-23,6,157,50
2025-06-23,7,141,30
2025-06-23,8,146,25
2025-06-23,9,69,20
2025-06-23,10,86,15
2025-06-24,1,94,30
2025-06-24,2,89,25
2025-06-24,3,101,40
2025-06-24,4,61,20
2025-06-24,5,137,35
2025-06-24,6,150,50
2025-06-24,7,135,30
2025-06-24,8,140,25
2025-06-24,9,61,20
2025-06-24,10,80,15
2025-06-25,1,87,30
2025-06-25,2,82,25
2025-06-25,3,91,40
2025-06-25,4,52,20
2025-06-25,5,132,35
2025-06-25,6,142,50
2025-06-25,7,130,30
2025-06-25,8,135,25
2025-06-25,9,49,20
2025-06-25,10,78,15
2025-06-26,1,78,30
2025-06-26,2,78,25
2025-06-26,3,83,40
2025-06-26,4,46,20
2025-06-26,5,127,35
2025-06-26,6,134,50
2025-06-26,7,124,30
2025-06-26,8,129,25
2025-06-26,9,39,20
2025-06-26,10,70,15
2025-06-27,1,71,30
2025-06-27,2,73,25
2025-06-27,3,76,40
2025-06-27,4,39,20
2025-06-27,5,121,35
2025-06-27,6,127,50
2025-06-27,7,112,30
2025-06-27,8,124,25
2025-06-27,9,25,20
2025-06-27,10,66,15
2025-06-28,1,64,30
2025-06-28,2,63,25
2025-06-28,3,67,40
2025-06-28,4,31,20
2025-06-28,5,113,35
2025-06-28,6,118,50
2025-06-28,7,104,30
2025-06-28,8,119,25
2025-06-28,9,130,20
2025-06-28,10,60,15
2025-06-29,1,56,30
2025-06-29,2,57,25
2025-06-29,3,61,40
2025-06-29,4,25,20
2025-06-29,5,107,35
2025-06-29,6,111,50
2025-06-29,7,95,30
2025-06-29,8,112,25
2025-06-29,9,120,20
2025-06-29,10,55,15
2025-06-30,1,50,30
2025-06-30,2,52,25
2025-06-30,3,50,40
2025-06-30,4,96,20
2025-06-30,5,103,35
2025-06-30,6,103,50
2025-06-30,7,87,30
2025-06-30,8,109,25
2025-06-30,9,111,20
2025-06-30,10,52,15
2025-07-01,1,43,30
2025-07-01,2,46,25
2025-07-01,3,238,40
2025-07-01,4,87,20
2025-07-01,5,99,35
2025-07-01,6,93,50
2025-07-01,7,82,30
2025-07-01,8,102,25
2025-07-01,9,103,20
2025-07-01,10,46,15
2025-07-02,1,39,30
2025-07-02,2,42,25
2025-07-02,3,229,40
2025-07-02,4,78,20
2025-07-02,5,93,35
2025-07-02,6,86,50
2025-07-02,7,75,30
2025-07-02,8,97,25
2025-07-02,9,93,20
2025-07-02,10,40,15
2025-07-03,1,213,30
2025-07-03,2,34,25
2025-07-03,3,218,40
2025-07-03,4,69,20
2025-07-03,5,89,35
2025-07-03,6,77,50
2025-07-03,7,68,30
2025-07-03,8,91,25
2025-07-03,9,83,20
2025-07-03,10,37,15
2025-07-04,1,208,30
2025-07-04,2,128,25
2025-07-04,3,209,40
2025-07-04,4,63,20
2025-07-04,5,82,35
2025-07-04,6,70,50
2025-07-04,7,58,30
2025-07-04,8,85,25
2025-07-04,9,65,20
2025-07-04,10,32,15
2025-07-05,1,198,30
2025-07-05,2,122,25
2025-07-05,3,201,40
2025-07-05,4,55,20
2025-07-05,5,77,35
2025-07-05,6,62,50
2025-07-05,7,50,30
2025-07-05,8,79,25
2025-07-05,9,46,20
2025-07-05,10,26,15
2025-07-06,1,188,30
2025-07-06,2,114,25
2025-07-06,3,195,40
2025-07-06,4,51,20
2025-07-06,5,70,35
2025-07-06,6,356,50
2025-07-06,7,39,30
2025-07-06,8,71,25
2025-07-06,9,28,20
2025-07-06,10,107,15
2025-07-07,1,183,30
2025-07-07,2,107,25
2025-07-07,3,187,40
2025-07-07,4,40,20
2025-07-07,5,66,35
2025-07-07,6,346,50
2025-07-07,7,154,30
2025-07-07,8,67,25
2025-07-07,9,121,20
2025-07-07,10,104,15
2025-07-08,1,176,30
2025-07-08,2,100,25
2025-07-08,3,176,40
2025-07-08,4,35,20
2025-07-08,5,61,35
2025-07-08,6,340,50
2025-07-08,7,150,30
2025-07-08,8,64,25
2025-07-08,9,111,20
2025-07-08,10,99,15
2025-07-09,1,171,30
2025-07-09,2,95,25
2025-07-09,3,167,40
2025-07-09,4,28,20
2025-07-09,5,58,35
2025-07-09,6,331,50
2025-07-09,7,143,30
2025-07-09,8,62,25
2025-07-09,9,101,20
2025-07-09,10,93,15
2025-07-10,1,165,30
2025-07-10,2,89,25
2025-07-10,3,159,40
2025-07-10,4,99,20
2025-07-10,5,53,35
2025-07-10,6,322,50
2025-07-10,7,137,30
2025-07-10,8,57,25
2025-07-10,9,93,20
2025-07-10,10,89,15
2025-07-11,1,157,30
2025-07-11,2,82,25
2025-07-11,3,151,40
2025-07-11,4,94,20
2025-07-11,5,46,35
2025-07-11,6,314,50
2025-07-11,7,128,30
2025-07-11,8,53,25
2025-07-11,9,75,20
2025-07-11,10,82,15
2025-07-12,1,149,30
2025-07-12,2,79,25
2025-07-12,3,145,40
2025-07-12,4,86,20
2025-07-12,5,214,35
2025-07-12,6,308,50
2025-07-12,7,117,30
2025-07-12,8,45,25
2025-07-12,9,53,20
2025-07-12,10,74,15
2025-07-13,1,140,30
2025-07-13,2,72,25
2025-07-13,3,136,40
2025-07-13,4,80,20
2025-07-13,5,210,35
2025-07-13,6,298,50
2025-07-13,7,109,30
2025-07-13,8,39,25
2025-07-13,9,36,20
2025-07-13,10,68,15
2025-07-14,1,136,30
2025-07-14,2,66,25
2025-07-14,3,124,40
2025-07-14,4,71,20
2025-07-14,5,208,35
2025-07-14,6,289,50
2025-07-14,7,103,30
2025-07-14,8,33,25
2025-07-14,9,143,20
2025-07-14,10,62,15
2025-07-15,1,130,30
2025-07-15,2,61,25
2025-07-15,3,114,40
2025-07-15,4,63,20
2025-07-15,5,206,35
2025-07-15,6,283,50
2025-07-15,7,97,30
2025-07-15,8,150,25
2025-07-15,9,134,20
2025-07-15,10,57,15
2025-07-16,1,125,30
2025-07-16,2,54,25
2025-07-16,3,102,40
2025-07-16,4,55,20
2025-07-16,5,202,35
2025-07-16,6,274,50
2025-07-16,7,90,30
2025-07-16,8,146,25
2025-07-16,9,127,20
2025-07-16,10,53,15
2025-07-17,1,120,30
2025-07-17,2,47,25
2025-07-17,3,94,40
2025-07-17,4,47,20
2025-07-17,5,199,35
2025-07-17,6,265,50
2025-07-17,7,82,30
2025-07-17,8,140,25
2025-07-17,9,116,20
2025-07-17,10,49,15
2025-07-18,1,112,30
2025-07-18,2,45,25
2025-07-18,3,85,40
2025-07-18,4,39,20
2025-07-18,5,195,35
2025-07-18,6,257,50
2025-07-18,7,75,30
2025-07-18,8,135,25
2025-07-18,9,103,20
2025-07-18,10,44,15
2025-07-19,1,103,30
2025-07-19,2,37,25
2025-07-19,3,79,40
2025-07-19,4,36,20
2025-07-19,5,189,35
2025-07-19,6,250,50
2025-07-19,7,69,30
2025-07-19,8,128,25
2025-07-19,9,83,20
2025-07-19,10,39,15
2025-07-20,1,94,30
2025-07-20,2,179,25
2025-07-20,3,74,40
2025-07-20,4,29,20
2025-07-20,5,182,35
2025-07-20,6,242,50
2025-07-20,7,60,30
2025-07-20,8,121,25
2025-07-20,9,69,20
2025-07-20,10,33,15
2025-07-21,1,90,30
2025-07-21,2,172,25
2025-07-21,3,64,40
2025-07-21,4,118,20
2025-07-21,5,176,35
2025-07-21,6,234,50
2025-07-21,7,54,30
2025-07-21,8,116,25
2025-07-21,9,60,20
2025-07-21,10,27,15
2025-07-22,1,84,30
2025-07-22,2,169,25
2025-07-22,3,54,40
2025-07-22,4,106,20
2025-07-22,5,172,35
2025-07-22,6,225,50
2025-07-22,7,46,30
2025-07-22,8,114,25
2025-07-22,9,51,20
2025-07-22,10,20,15
2025-07-23,1,77,30
2025-07-23,2,163,25
2025-07-23,3,162,40
2025-07-23,4,99,20
2025-07-23,5,167,35
2025-07-23,6,216,50
2025-07-23,7,38,30
2025-07-23,8,109,25
2025-07-23,9,44,20
2025-07-23,10,61,15
2025-07-24,1,70,30
2025-07-24,2,157,25
2025-07-24,3,154,40
2025-07-24,4,90,20
2025-07-24,5,163,35
2025-07-24,6,208,50
2025-07-24,7,151,30
2025-07-24,8,101,25
2025-07-24,9,29,20
2025-07-24,10,55,15
2025-07-25,1,64,30
2025-07-25,2,150,25
2025-07-25,3,150,40
2025-07-25,4,82,20
2025-07-25,5,159,35
2025-07-25,6,204,50
2025-07-25,7,143,30
2025-07-25,8,94,25
2025-07-25,9,137,20
2025-07-25,10,50,15
2025-07-26,1,55,30
2025-07-26,2,143,25
2025-07-26,3,143,40
2025-07-26,4,74,20
2025-07-26,5,154,35
2025-07-26,6,195,50
2025-07-26,7,131,30
2025-07-26,8,86,25
2025-07-26,9,119,20
2025-07-26,10,42,15
2025-07-27,1,47,30
2025-07-27,2,136,25
2025-07-27,3,136,40
2025-07-27,4,66,20
2025-07-27,5,147,35
2025-07-27,6,185,50
2025-07-27,7,122,30
2025-07-27,8,83,25
2025-07-27,9,104,20
2025-07-27,10,35,15
2025-07-28,1,43,30
2025-07-28,2,131,25
2025-07-28,3,123,40
2025-07-28,4,56,20
2025-07-28,5,143,35
2025-07-28,6,178,50
2025-07-28,7,115,30
2025-07-28,8,76,25
2025-07-28,9,95,20
2025-07-28,10,30,15
2025-07-29,1,38,30
2025-07-29,2,126,25
2025-07-29,3,114,40
2025-07-29,4,46,20
2025-07-29,5,138,35
2025-07-29,6,171,50
2025-07-29,7,109,30
2025-07-29,8,73,25
2025-07-29,9,86,20
2025-07-29,10,26,15
2025-07-30,1,209,30
2025-07-30,2,120,25
2025-07-30,3,104,40
2025-07-30,4,39,20
2025-07-30,5,133,35
2025-07-30,6,163,50
2025-07-30,7,103,30
2025-07-30,8,67,25
2025-07-30,9,76,20
2025-07-30,10,21,15
2025-07-31,1,204,30
2025-07-31,2,114,25
2025-07-31,3,97,40
2025-07-31,4,32,20
2025-07-31,5,127,35
2025-07-31,6,156,50
2025-07-31,7,93,30
2025-07-31,8,61,25
2025-07-31,9,66,20
2025-07-31,10,62,15
2025-08-01,1,195,30
2025-08-01,2,107,25
2025-08-01,3,89,40
2025-08-01,4,27,20
2025-08-01,5,122,35
2025-08-01,6,149,50
2025-08-01,7,85,30
2025-08-01,8,56,25
2025-08-01,9,54,20
2025-08-01,10,55,15
2025-08-02,1,188,30
2025-08-02,2,100,25
2025-08-02,3,80,40
2025-08-02,4,139,20
2025-08-02,5,117,35
2025-08-02,6,137,50
2025-08-02,7,74,30
2025-08-02,8,50,25
2025-08-02,9,35,20
2025-08-02,10,42,15
2025-08-03,1,183,30
2025-08-03,2,92,25
2025-08-03,3,73,40
2025-08-03,4,134,20
2025-08-03,5,110,35
2025-08-03,6,130,50
2025-08-03,7,63,30
2025-08-03,8,44,25
2025-08-03,9,141,20
2025-08-03,10,35,15
2025-08-04,1,175,30
2025-08-04,2,87,25
2025-08-04,3,63,40
2025-08-04,4,126,20
2025-08-04,5,104,35
2025-08-04,6,124,50
2025-08-04,7,58,30
2025-08-04,8,37,25
2025-08-04,9,134,20
2025-08-04,10,30,15
2025-08-05,1,169,30
2025-08-05,2,84,25
2025-08-05,3,57,40
2025-08-05,4,114,20
2025-08-05,5,97,35
2025-08-05,6,115,50
2025-08-05,7,52,30
2025-08-05,8,31,25
2025-08-05,9,126,20
2025-08-05,10,25,15
2025-08-06,1,163,30
2025-08-06,2,78,25
2025-08-06,3,167,40
2025-08-06,4,106,20
2025-08-06,5,92,35
2025-08-06,6,109,50
2025-08-06,7,46,30
2025-08-06,8,150,25
2025-08-06,9,116,20
2025-08-06,10,20,15
2025-08-07,1,155,30
2025-08-07,2,71,25
2025-08-07,3,161,40
2025-08-07,4,99,20
2025-08-07,5,87,35
2025-08-07,6,103,50
2025-08-07,7,186,30
2025-08-07,8,144,25
2025-08-07,9,103,20
2025-08-07,10,58,15
2025-08-08,1,149,30
2025-08-08,2,64,25
2025-08-08,3,154,40
2025-08-08,4,90,20
2025-08-08,5,82,35
2025-08-08,6,93,50
2025-08-08,7,177,30
2025-08-08,8,139,25
2025-08-08,9,89,20
2025-08-08,10,50,15
2025-08-09,1,142,30
2025-08-09,2,55,25
2025-08-09,3,146,40
2025-08-09,4,83,20
2025-08-09,5,76,35
2025-08-09,6,83,50
2025-08-09,7,169,30
2025-08-09,8,133,25
2025-08-09,9,72,20
2025-08-09,10,43,15
2025-08-10,1,134,30
2025-08-10,2,45,25
2025-08-10,3,137,40
2025-08-10,4,75,20
2025-08-10,5,70,35
2025-08-10,6,73,50
2025-08-10,7,159,30
2025-08-10,8,127,25
2025-08-10,9,56,20
2025-08-10,10,31,15
2025-08-11,1,131,30
2025-08-11,2,37,25
2025-08-11,3,127,40
2025-08-11,4,65,20
2025-08-11,5,64,35
2025-08-11,6,66,50
2025-08-11,7,152,30
2025-08-11,8,122,25
2025-08-11,9,47,20
2025-08-11,10,26,15
2025-08-12,1,127,30
2025-08-12,2,33,25
2025-08-12,3,117,40
2025-08-12,4,53,20
2025-08-12,5,58,35
2025-08-12,6,209,50
2025-08-12,7,145,30
2025-08-12,8,116,25
2025-08-12,9,36,20
2025-08-12,10,20,15
2025-08-13,1,122,30
2025-08-13,2,101,25
2025-08-13,3,107,40
2025-08-13,4,44,20
2025-08-13,5,53,35
2025-08-13,6,200,50
2025-08-13,7,139,30
2025-08-13,8,111,25
2025-08-13,9,26,20
2025-08-13,10,13,15
2025-08-14,1,114,30
2025-08-14,2,95,25
2025-08-14,3,99,40
2025-08-14,4,33,20
2025-08-14,5,47,35
2025-08-14,6,192,50
2025-08-14,7,134,30
2025-08-14,8,107,25
2025-08-14,9,115,20
2025-08-14,10,81,15
2025-08-15,1,108,30
2025-08-15,2,87,25
2025-08-15,3,90,40
2025-08-15,4,27,20
2025-08-15,5,180,35
2025-08-15,6,184,50
2025-08-15,7,127,30
2025-08-15,8,100,25
2025-08-15,9,101,20
2025-08-15,10,76,15
2025-08-16,1,99,30
2025-08-16,2,81,25
2025-08-16,3,82,40
2025-08-16,4,82,20
2025-08-16,5,174,35
2025-08-16,6,178,50
2025-08-16,7,114,30
2025-08-16,8,98,25
2025-08-16,9,84,20
2025-08-16,10,68,15
2025-08-17,1,90,30
2025-08-17,2,77,25
2025-08-17,3,76,40
2025-08-17,4,77,20
2025-08-17,5,169,35
2025-08-17,6,168,50
2025-08-17,7,104,30
2025-08-17,8,92,25
2025-08-17,9,67,20
2025-08-17,10,61,15
2025-08-18,1,85,30
2025-08-18,2,72,25
2025-08-18,3,64,40
2025-08-18,4,69,20
2025-08-18,5,164,35
2025-08-18,6,161,50
2025-08-18,7,98,30
2025-08-18,8,85,25
2025-08-18,9,55,20
2025-08-18,10,55,15
2025-08-19,1,78,30
2025-08-19,2,67,25
2025-08-19,3,55,40
2025-08-19,4,63,20
2025-08-19,5,161,35
2025-08-19,6,152,50
2025-08-19,7,90,30
2025-08-19,8,81,25
2025-08-19,9,45,20
2025-08-19,10,50,15
2025-08-20,1,72,30
2025-08-20,2,62,25
2025-08-20,3,164,40
2025-08-20,4,53,20
2025-08-20,5,155,35
2025-08-20,6,145,50
2025-08-20,7,83,30
2025-08-20,8,77,25
2025-08-20,9,35,20
2025-08-20,10,45,15
2025-08-21,1,66,30
2025-08-21,2,56,25
2025-08-21,3,156,40
2025-08-21,4,45,20
2025-08-21,5,148,35
2025-08-21,6,138,50
2025-08-21,7,76,30
2025-08-21,8,73,25
2025-08-21,9,137,20
2025-08-21,10,38,15
2025-08-22,1,59,30
2025-08-22,2,48,25
2025-08-22,3,147,40
2025-08-22,4,38,20
2025-08-22,5,142,35
2025-08-22,6,126,50
2025-08-22,7,67,30
2025-08-22,8,67,25
2025-08-22,9,121,20
2025-08-22,10,32,15
2025-08-23,1,49,30
2025-08-23,2,41,25
2025-08-23,3,139,40
2025-08-23,4,33,20
2025-08-23,5,133,35
2025-08-23,6,117,50
2025-08-23,7,60,30
2025-08-23,8,61,25
2025-08-23,9,102,20
2025-08-23,10,23,15
2025-08-24,1,42,30
2025-08-24,2,34,25
2025-08-24,3,134,40
2025-08-24,4,26,20
2025-08-24,5,128,35
2025-08-24,6,107,50
2025-08-24,7,49,30
2025-08-24,8,58,25
2025-08-24,9,86,20
2025-08-24,10,93,15
2025-08-25,1,38,30
2025-08-25,2,154,25
2025-08-25,3,120,40
2025-08-25,4,75,20
2025-08-25,5,123,35
2025-08-25,6,102,50
2025-08-25,7,43,30
2025-08-25,8,52,25
2025-08-25,9,76,20
2025-08-25,10,89,15
2025-08-26,1,152,30
2025-08-26,2,150,25
2025-08-26,3,116,40
2025-08-26,4,65,20
2025-08-26,5,119,35
2025-08-26,6,98,50
2025-08-26,7,39,30
2025-08-26,8,46,25
2025-08-26,9,68,20
2025-08-26,10,86,15
2025-08-27,1,144,30
2025-08-27,2,143,25
2025-08-27,3,108,40
2025-08-27,4,55,20
2025-08-27,5,115,35
2025-08-27,6,90,50
2025-08-27,7,211,30
2025-08-27,8,40,25
2025-08-27,9,57,20
2025-08-27,10,82,15
2025-08-28,1,137,30
2025-08-28,2,135,25
2025-08-28,3,100,40
2025-08-28,4,45,20
2025-08-28,5,108,35
2025-08-28,6,82,50
2025-08-28,7,201,30
2025-08-28,8,35,25
2025-08-28,9,47,20
2025-08-28,10,75,15
2025-08-29,1,130,30
2025-08-29,2,128,25
2025-08-29,3,92,40
2025-08-29,4,37,20
2025-08-29,5,101,35
2025-08-29,6,72,50
2025-08-29,7,190,30
2025-08-29,8,152,25
2025-08-29,9,38,20
2025-08-29,10,71,15
2025-08-30,1,123,30
2025-08-30,2,121,25
2025-08-30,3,86,40
2025-08-30,4,28,20
2025-08-30,5,91,35
2025-08-30,6,260,50
2025-08-30,7,183,30
2025-08-30,8,144,25
2025-08-30,9,124,20
2025-08-30,10,63,15
2025-08-31,1,116,30
2025-08-31,2,113,25
2025-08-31,3,80,40
2025-08-31,4,22,20
2025-08-31,5,85,35
2025-08-31,6,251,50
2025-08-31,7,172,30
2025-08-31,8,139,25
2025-08-31,9,106,20
2025-08-31,10,56,15
2025-09-01,1,110,30
2025-09-01,2,107,25
2025-09-01,3,71,40
2025-09-01,4,110,20
2025-09-01,5,78,35
2025-09-01,6,246,50
2025-09-01,7,165,30
2025-09-01,8,131,25
2025-09-01,9,102,20
2025-09-01,10,53,15
2025-09-02,1,101,30
2025-09-02,2,102,25
2025-09-02,3,62,40
2025-09-02,4,94,20
2025-09-02,5,75,35
2025-09-02,6,239,50
2025-09-02,7,158,30
2025-09-02,8,122,25
2025-09-02,9,96,20
2025-09-02,10,48,15
2025-09-03,1,97,30
2025-09-03,2,98,25
2025-09-03,3,55,40
2025-09-03,4,88,20
2025-09-03,5,67,35
2025-09-03,6,231,50
2025-09-03,7,151,30
2025-09-03,8,116,25
2025-09-03,9,90,20
2025-09-03,10,44,15
2025-09-04,1,89,30
2025-09-04,2,90,25
2025-09-04,3,247,40
2025-09-04,4,81,20
2025-09-04,5,59,35
2025-09-04,6,222,50
2025-09-04,7,142,30
2025-09-04,8,110,25
2025-09-04,9,83,20
2025-09-04,10,38,15
2025-09-05,1,81,30
2025-09-05,2,84,25
2025-09-05,3,238,40
2025-09-05,4,71,20
2025-09-05,5,49,35
2025-09-05,6,212,50
2025-09-05,7,134,30
2025-09-05,8,104,25
2025-09-05,9,75,20
2025-09-05,10,29,15
2025-09-06,1,71,30
2025-09-06,2,78,25
2025-09-06,3,229,40
2025-09-06,4,65,20
2025-09-06,5,145,35
2025-09-06,6,199,50
2025-09-06,7,121,30
2025-09-06,8,97,25
2025-09-06,9,66,20
2025-09-06,10,24,15
2025-09-07,1,61,30
2025-09-07,2,70,25
2025-09-07,3,223,40
2025-09-07,4,57,20
2025-09-07,5,138,35
2025-09-07,6,189,50
2025-09-07,7,112,30
2025-09-07,8,89,25
2025-09-07,9,58,20
2025-09-07,10,61,15
2025-09-08,1,56,30
2025-09-08,2,64,25
2025-09-08,3,213,40
2025-09-08,4,45,20
2025-09-08,5,132,35
2025-09-08,6,179,50
2025-09-08,7,108,30
2025-09-08,8,82,25
2025-09-08,9,54,20
2025-09-08,10,55,15
2025-09-09,1,49,30
2025-09-09,2,60,25
2025-09-09,3,202,40
2025-09-09,4,36,20
2025-09-09,5,127,35
2025-09-09,6,169,50
2025-09-09,7,103,30
2025-09-09,8,75,25
2025-09-09,9,51,20
2025-09-09,10,49,15
2025-09-10,1,42,30
2025-09-10,2,53,25
2025-09-10,3,192,40
2025-09-10,4,27,20
2025-09-10,5,121,35
2025-09-10,6,160,50
2025-09-10,7,96,30
2025-09-10,8,70,25
2025-09-10,9,46,20
2025-09-10,10,43,15
2025-09-11,1,123,30
2025-09-11,2,46,25
2025-09-11,3,183,40
2025-09-11,4,98,20
2025-09-11,5,114,35
2025-09-11,6,148,50
2025-09-11,7,87,30
2025-09-11,8,66,25
2025-09-11,9,39,20
2025-09-11,10,38,15
2025-09-12,1,114,30
2025-09-12,2,39,25
2025-09-12,3,173,40
2025-09-12,4,90,20
2025-09-12,5,107,35
2025-09-12,6,140,50
2025-09-12,7,80,30
2025-09-12,8,60,25
2025-09-12,9,29,20
2025-09-12,10,34,15
2025-09-13,1,104,30
2025-09-13,2,33,25
2025-09-13,3,164,40
2025-09-13,4,82,20
2025-09-13,5,99,35
2025-09-13,6,127,50
2025-09-13,7,69,30
2025-09-13,8,52,25
2025-09-13,9,120,20
2025-09-13,10,30,15
2025-09-14,1,93,30
2025-09-14,2,153,25
2025-09-14,3,157,40
2025-09-14,4,75,20
2025-09-14,5,92,35
2025-09-14,6,117,50
2025-09-14,7,60,30
2025-09-14,8,46,25
2025-09-14,9,110,20
2025-09-14,10,21,15
2025-09-15,1,88,30
2025-09-15,2,148,25
2025-09-15,3,148,40
2025-09-15,4,64,20
2025-09-15,5,88,35
2025-09-15,6,109,50
2025-09-15,7,54,30
2025-09-15,8,39,25
2025-09-15,9,105,20
2025-09-15,10,62,15
2025-09-16,1,80,30
2025-09-16,2,144,25
2025-09-16,3,136,40
2025-09-16,4,58,20
2025-09-16,5,84,35
2025-09-16,6,100,50
2025-09-16,7,49,30
2025-09-16,8,33,25
2025-09-16,9,101,20
2025-09-16,10,58,15
2025-09-17,1,72,30
2025-09-17,2,140,25
2025-09-17,3,123,40
2025-09-17,4,48,20
2025-09-17,5,79,35
2025-09-17,6,93,50
2025-09-17,7,39,30
2025-09-17,8,152,25
2025-09-17,9,97,20
2025-09-17,10,55,15
2025-09-18,1,64,30
2025-09-18,2,136,25
2025-09-18,3,115,40
2025-09-18,4,40,20
2025-09-18,5,73,35
2025-09-18,6,83,50
2025-09-18,7,180,30
2025-09-18,8,147,25
2025-09-18,9,91,20
2025-09-18,10,48,15
2025-09-19,1,60,30
2025-09-19,2,128,25
2025-09-19,3,105,40
2025-09-19,4,33,20
2025-09-19,5,66,35
2025-09-19,6,70,50
2025-09-19,7,170,30
2025-09-19,8,141,25
2025-09-19,9,84,20
2025-09-19,10,39,15
2025-09-20,1,49,30
2025-09-20,2,119,25
2025-09-20,3,95,40
2025-09-20,4,25,20
2025-09-20,5,59,35
2025-09-20,6,309,50
2025-09-20,7,159,30
2025-09-20,8,135,25
2025-09-20,9,76,20
2025-09-20,10,31,15
2025-09-21,1,40,30
2025-09-21,2,112,25
2025-09-21,3,90,40
2025-09-21,4,120,20
2025-09-21,5,51,35
2025-09-21,6,300,50
2025-09-21,7,149,30
2025-09-21,8,128,25
2025-09-21,9,69,20
2025-09-21,10,26,15
2025-09-22,1,124,30
2025-09-22,2,107,25
2025-09-22,3,80,40
2025-09-22,4,114,20
2025-09-22,5,48,35
2025-09-22,6,289,50
2025-09-22,7,141,30
2025-09-22,8,123,25
2025-09-22,9,64,20
2025-09-22,10,21,15
2025-09-23,1,116,30
2025-09-23,2,101,25
2025-09-23,3,68,40
2025-09-23,4,105,20
2025-09-23,5,44,35
2025-09-23,6,279,50
2025-09-23,7,132,30
2025-09-23,8,118,25
2025-09-23,9,59,20
2025-09-23,10,60,15
2025-09-24,1,112,30
2025-09-24,2,95,25
2025-09-24,3,61,40
2025-09-24,4,96,20
2025-09-24,5,214,35
2025-09-24,6,269,50
2025-09-24,7,125,30
2025-09-24,8,110,25
2025-09-24,9,51,20
2025-09-24,10,56,15
2025-09-25,1,107,30
2025-09-25,2,90,25
2025-09-25,3,54,40
2025-09-25,4,88,20
2025-09-25,5,208,35
2025-09-25,6,255,50
2025-09-25,7,117,30
2025-09-25,8,104,25
2025-09-25,9,44,20
2025-09-25,10,52,15
2025-09-26,1,98,30
2025-09-26,2,82,25
2025-09-26,3,246,40
2025-09-26,4,79,20
2025-09-26,5,202,35
2025-09-26,6,244,50
2025-09-26,7,109,30
2025-09-26,8,95,25
2025-09-26,9,39,20
2025-09-26,10,44,15
2025-09-27,1,87,30
2025-09-27,2,72,25
2025-09-27,3,238,40
2025-09-27,4,74,20
2025-09-27,5,193,35
2025-09-27,6,227,50
2025-09-27,7,100,30
2025-09-27,8,86,25
2025-09-27,9,27,20
2025-09-27,10,36,15
2025-09-28,1,79,30
2025-09-28,2,68,25
2025-09-28,3,233,40
2025-09-28,4,68,20
2025-09-28,5,186,35
2025-09-28,6,214,50
2025-09-28,7,92,30
2025-09-28,8,79,25
2025-09-28,9,116,20
2025-09-28,10,28,15
2025-09-29,1,71,30
2025-09-29,2,61,25
2025-09-29,3,222,40
2025-09-29,4,60,20
2025-09-29,5,182,35
2025-09-29,6,203,50
2025-09-29,7,83,30
2025-09-29,8,70,25
2025-09-29,9,109,20
2025-09-29,10,26,15
2025-09-30,1,64,30
2025-09-30,2,53,25
2025-09-30,3,214,40
2025-09-30,4,51,20
2025-09-30,5,177,35
2025-09-30,6,194,50
2025-09-30,7,77,30
2025-09-30,8,64,25
2025-09-30,9,105,20
2025-09-30,10,20,15
2025-10-01,1,56,30
2025-10-01,2,47,25
2025-10-01,3,207,40
2025-10-01,4,43,20
2025-10-01,5,170,35
2025-10-01,6,183,50
2025-10-01,7,70,30
2025-10-01,8,58,25
2025-10-01,9,100,20
2025-10-01,10,89,15
2025-10-02,1,48,30
2025-10-02,2,41,25
2025-10-02,3,196,40
2025-10-02,4,35,20
2025-10-02,5,162,35
2025-10-02,6,177,50
2025-10-02,7,60,30
2025-10-02,8,53,25
2025-10-02,9,93,20
2025-10-02,10,84,15
2025-10-03,1,39,30
2025-10-03,2,35,25
2025-10-03,3,189,40
2025-10-03,4,29,20
2025-10-03,5,155,35
2025-10-03,6,166,50
2025-10-03,7,52,30
2025-10-03,8,45,25
2025-10-03,9,86,20
2025-10-03,10,77,15
2025-10-04,1,118,30
2025-10-04,2,103,25
2025-10-04,3,179,40
2025-10-04,4,103,20
2025-10-04,5,145,35
2025-10-04,6,154,50
2025-10-04,7,39,30
2025-10-04,8,35,25
2025-10-04,9,74,20
2025-10-04,10,68,15
2025-10-05,1,108,30
2025-10-05,2,96,25
2025-10-05,3,173,40
2025-10-05,4,96,20
2025-10-05,5,137,35
2025-10-05,6,142,50
2025-10-05,7,180,30
2025-10-05,8,178,25
2025-10-05,9,65,20
2025-10-05,10,60,15
2025-10-06,1,102,30
2025-10-06,2,90,25
2025-10-06,3,161,40
2025-10-06,4,89,20
2025-10-06,5,134,35
2025-10-06,6,133,50
2025-10-06,7,173,30
2025-10-06,8,170,25
2025-10-06,9,59,20
2025-10-06,10,55,15
2025-10-07,1,93,30
2025-10-07,2,87,25
2025-10-07,3,153,40
2025-10-07,4,79,20
2025-10-07,5,130,35
2025-10-07,6,124,50
2025-10-07,7,167,30
2025-10-07,8,164,25
2025-10-07,9,55,20
2025-10-07,10,51,15
2025-10-08,1,83,30
2025-10-08,2,82,25
2025-10-08,3,143,40
2025-10-08,4,70,20
2025-10-08,5,123,35
2025-10-08,6,114,50
2025-10-08,7,164,30
2025-10-08,8,157,25
2025-10-08,9,49,20
2025-10-08,10,45,15
2025-10-09,1,74,30
2025-10-09,2,76,25
2025-10-09,3,133,40
2025-10-09,4,62,20
2025-10-09,5,116,35
2025-10-09,6,103,50
2025-10-09,7,156,30
2025-10-09,8,149,25
2025-10-09,9,42,20
2025-10-09,10,40,15
2025-10-10,1,65,30
2025-10-10,2,68,25
2025-10-10,3,125,40
2025-10-10,4,54,20
2025-10-10,5,106,35
2025-10-10,6,93,50
2025-10-10,7,146,30
2025-10-10,8,140,25
2025-10-10,9,32,20
2025-10-10,10,31,15
2025-10-11,1,54,30
2025-10-11,2,60,25
2025-10-11,3,118,40
2025-10-11,4,43,20
2025-10-11,5,99,35
2025-10-11,6,78,50
2025-10-11,7,137,30
2025-10-11,8,132,25
2025-10-11,9,122,20
2025-10-11,10,21,15
2025-10-12,1,44,30
2025-10-12,2,54,25
2025-10-12,3,110,40
2025-10-12,4,36,20
2025-10-12,5,92,35
2025-10-12,6,68,50
2025-10-12,7,128,30
2025-10-12,8,124,25
2025-10-12,9,115,20
2025-10-12,10,104,15
2025-10-13,1,38,30
2025-10-13,2,48,25
2025-10-13,3,98,40
2025-10-13,4,28,20
2025-10-13,5,88,35
2025-10-13,6,358,50
2025-10-13,7,120,30
2025-10-13,8,115,25
2025-10-13,9,113,20
2025-10-13,10,97,15
2025-10-14,1,151,30
2025-10-14,2,43,25
2025-10-14,3,89,40
2025-10-14,4,116,20
2025-10-14,5,83,35
2025-10-14,6,348,50
2025-10-14,7,115,30
2025-10-14,8,109,25
2025-10-14,9,106,20
2025-10-14,10,91,15
2025-10-15,1,144,30
2025-10-15,2,36,25
2025-10-15,3,80,40
2025-10-15,4,108,20
2025-10-15,5,74,35
2025-10-15,6,341,50
2025-10-15,7,111,30
2025-10-15,8,103,25
2025-10-15,9,101,20
2025-10-15,10,86,15
2025-10-16,1,135,30
2025-10-16,2,179,25
2025-10-16,3,72,40
2025-10-16,4,102,20
2025-10-16,5,67,35
2025-10-16,6,331,50
2025-10-16,7,103,30
2025-10-16,8,96,25
2025-10-16,9,93,20
2025-10-16,10,79,15
2025-10-17,1,125,30
2025-10-17,2,171,25
2025-10-17,3,67,40
2025-10-17,4,96,20
2025-10-17,5,60,35
2025-10-17,6,321,50
2025-10-17,7,94,30
2025-10-17,8,88,25
2025-10-17,9,86,20
2025-10-17,10,74,15
2025-10-18,1,114,30
2025-10-18,2,161,25
2025-10-18,3,58,40
2025-10-18,4,89,20
2025-10-18,5,52,35
2025-10-18,6,306,50
2025-10-18,7,80,30
2025-10-18,8,81,25
2025-10-18,9,78,20
2025-10-18,10,64,15
2025-10-19,1,104,30
2025-10-19,2,155,25
2025-10-19,3,50,40
2025-10-19,4,83,20
2025-10-19,5,44,35
2025-10-19,6,297,50
2025-10-19,7,72,30
2025-10-19,8,73,25
2025-10-19,9,71,20
2025-10-19,10,59,15
2025-10-20,1,96,30
2025-10-20,2,149,25
2025-10-20,3,157,40
2025-10-20,4,73,20
2025-10-20,5,178,35
2025-10-20,6,288,50
2025-10-20,7,65,30
2025-10-20,8,69,25
2025-10-20,9,67,20
2025-10-20,10,57,15
2025-10-21,1,90,30
2025-10-21,2,145,25
2025-10-21,3,149,40
2025-10-21,4,65,20
2025-10-21,5,170,35
2025-10-21,6,279,50
2025-10-21,7,63,30
2025-10-21,8,65,25
2025-10-21,9,64,20
2025-10-21,10,52,15
2025-10-22,1,82,30
2025-10-22,2,141,25
2025-10-22,3,143,40
2025-10-22,4,59,20
2025-10-22,5,166,35
2025-10-22,6,268,50
2025-10-22,7,57,30
2025-10-22,8,58,25
2025-10-22,9,59,20
2025-10-22,10,45,15
2025-10-23,1,77,30
2025-10-23,2,135,25
2025-10-23,3,132,40
2025-10-23,4,48,20
2025-10-23,5,159,35
2025-10-23,6,260,50
2025-10-23,7,50,30
2025-10-23,8,51,25
2025-10-23,9,53,20
2025-10-23,10,38,15
2025-10-24,1,68,30
2025-10-24,2,128,25
2025-10-24,3,125,40
2025-10-24,4,42,20
2025-10-24,5,152,35
2025-10-24,6,247,50
2025-10-24,7,38,30
2025-10-24,8,44,25
2025-10-24,9,47,20
2025-10-24,10,32,15
2025-10-25,1,58,30
2025-10-25,2,118,25
2025-10-25,3,115,40
2025-10-25,4,36,20
2025-10-25,5,145,35
2025-10-25,6,235,50
2025-10-25,7,180,30
2025-10-25,8,37,25
2025-10-25,9,37,20
2025-10-25,10,23,15
2025-10-26,1,48,30
2025-10-26,2,113,25
2025-10-26,3,109,40
2025-10-26,4,28,20
2025-10-26,5,137,35
2025-10-26,6,222,50
2025-10-26,7,172,30
2025-10-26,8,32,25
2025-10-26,9,29,20
2025-10-26,10,89,15
2025-10-27,1,39,30
2025-10-27,2,108,25
2025-10-27,3,95,40
2025-10-27,4,118,20
2025-10-27,5,132,35
2025-10-27,6,213,50
2025-10-27,7,168,30
2025-10-27,8,102,25
2025-10-27,9,83,20
2025-10-27,10,85,15
2025-10-28,1,119,30
2025-10-28,2,101,25
2025-10-28,3,84,40
2025-10-28,4,112,20
2025-10-28,5,126,35
2025-10-28,6,202,50
2025-10-28,7,159,30
2025-10-28,8,94,25
2025-10-28,9,80,20
2025-10-28,10,82,15
2025-10-29,1,109,30
2025-10-29,2,92,25
2025-10-29,3,78,40
2025-10-29,4,104,20
2025-10-29,5,123,35
2025-10-29,6,192,50
2025-10-29,7,154,30
2025-10-29,8,84,25
2025-10-29,9,75,20
2025-10-29,10,77,15
2025-10-30,1,101,30
2025-10-30,2,86,25
2025-10-30,3,71,40
2025-10-30,4,94,20
2025-10-30,5,117,35
2025-10-30,6,181,50
2025-10-30,7,147,30
2025-10-30,8,77,25
2025-10-30,9,74,20
2025-10-30,10,70,15
2025-10-31,1,89,30
2025-10-31,2,79,25
2025-10-31,3,62,40
2025-10-31,4,85,20
2025-10-31,5,108,35
2025-10-31,6,172,50
2025-10-31,7,140,30
2025-10-31,8,72,25
2025-10-31,9,68,20
2025-10-31,10,62,15
2025-11-01,1,76,30
2025-11-01,2,69,25
2025-11-01,3,55,40
2025-11-01,4,75,20
2025-11-01,5,101,35
2025-11-01,6,161,50
2025-11-01,7,128,30
2025-11-01,8,65,25
2025-11-01,9,57,20
2025-11-01,10,51,15
2025-11-02,1,67,30
2025-11-02,2,58,25
2025-11-02,3,50,40
2025-11-02,4,67,20
2025-11-02,5,96,35
2025-11-02,6,148,50
2025-11-02,7,119,30
2025-11-02,8,58,25
2025-11-02,9,48,20
2025-11-02,10,40,15
2025-11-03,1,61,30
2025-11-03,2,52,25
2025-11-03,3,199,40
2025-11-03,4,57,20
2025-11-03,5,90,35
2025-11-03,6,141,50
2025-11-03,7,111,30
2025-11-03,8,52,25
2025-11-03,9,46,20
2025-11-03,10,33,15
2025-11-04,1,50,30
2025-11-04,2,46,25
2025-11-04,3,185,40
2025-11-04,4,44,20
2025-11-04,5,82,35
2025-11-04,6,132,50
2025-11-04,7,103,30
2025-11-04,8,47,25
2025-11-04,9,41,20
2025-11-04,10,28,15
2025-11-05,1,40,30
2025-11-05,2,39,25
2025-11-05,3,176,40
2025-11-05,4,34,20
2025-11-05,5,75,35
2025-11-05,6,122,50
2025-11-05,7,94,30
2025-11-05,8,40,25
2025-11-05,9,34,20
2025-11-05,10,22,15
2025-11-06,1,148,30
2025-11-06,2,34,25
2025-11-06,3,165,40
2025-11-06,4,27,20
2025-11-06,5,67,35
2025-11-06,6,111,50
2025-11-06,7,86,30
2025-11-06,8,34,25
2025-11-06,9,26,20
2025-11-06,10,105,15
2025-11-07,1,136,30
2025-11-07,2,153,25
2025-11-07,3,157,40
2025-11-07,4,80,20
2025-11-07,5,60,35
2025-11-07,6,102,50
2025-11-07,7,71,30
2025-11-07,8,150,25
2025-11-07,9,118,20
2025-11-07,10,93,15
2025-11-08,1,125,30
2025-11-08,2,138,25
2025-11-08,3,149,40
2025-11-08,4,72,20
2025-11-08,5,51,35
2025-11-08,6,93,50
2025-11-08,7,58,30
2025-11-08,8,142,25
2025-11-08,9,107,20
2025-11-08,10,83,15
2025-11-09,1,117,30
2025-11-09,2,127,25
2025-11-09,3,142,40
2025-11-09,4,61,20
2025-11-09,5,146,35
2025-11-09,6,82,50
2025-11-09,7,45,30
2025-11-09,8,135,25
2025-11-09,9,98,20
2025-11-09,10,71,15
2025-11-10,1,111,30
2025-11-10,2,121,25
2025-11-10,3,129,40
2025-11-10,4,51,20
2025-11-10,5,141,35
2025-11-10,6,75,50
2025-11-10,7,154,30
2025-11-10,8,127,25
2025-11-10,9,93,20
2025-11-10,10,69,15
2025-11-11,1,105,30
2025-11-11,2,116,25
2025-11-11,3,120,40
2025-11-11,4,41,20
2025-11-11,5,135,35
2025-11-11,6,67,50
2025-11-11,7,144,30
2025-11-11,8,120,25
2025-11-11,9,88,20
2025-11-11,10,62,15
2025-11-12,1,95,30
2025-11-12,2,110,25
2025-11-12,3,109,40
2025-11-12,4,29,20
2025-11-12,5,130,35
2025-11-12,6,206,50
2025-11-12,7,134,30
2025-11-12,8,113,25
2025-11-12,9,82,20
2025-11-12,10,57,15
2025-11-13,1,87,30
2025-11-13,2,103,25
2025-11-13,3,99,40
2025-11-13,4,19,20
2025-11-13,5,124,35
2025-11-13,6,192,50
2025-11-13,7,125,30
2025-11-13,8,110,25
2025-11-13,9,74,20
2025-11-13,10,48,15
2025-11-14,1,76,30
2025-11-14,2,96,25
2025-11-14,3,90,40
2025-11-14,4,89,20
2025-11-14,5,117,35
2025-11-14,6,180,50
2025-11-14,7,109,30
2025-11-14,8,104,25
2025-11-14,9,66,20
2025-11-14,10,36,15
2025-11-15,1,64,30
2025-11-15,2,86,25
2025-11-15,3,81,40
2025-11-15,4,78,20
2025-11-15,5,111,35
2025-11-15,6,167,50
2025-11-15,7,92,30
2025-11-15,8,96,25
2025-11-15,9,55,20
2025-11-15,10,24,15
2025-11-16,1,52,30
2025-11-16,2,79,25
2025-11-16,3,73,40
2025-11-16,4,71,20
2025-11-16,5,106,35
2025-11-16,6,156,50
2025-11-16,7,81,30
2025-11-16,8,87,25
2025-11-16,9,48,20
2025-11-16,10,59,15
2025-11-17,1,45,30
2025-11-17,2,74,25
2025-11-17,3,60,40
2025-11-17,4,60,20
2025-11-17,5,103,35
2025-11-17,6,149,50
2025-11-17,7,72,30
2025-11-17,8,79,25
2025-11-17,9,42,20
2025-11-17,10,50,15
2025-11-18,1,38,30
2025-11-18,2,66,25
2025-11-18,3,52,40
2025-11-18,4,49,20
2025-11-18,5,98,35
2025-11-18,6,139,50
2025-11-18,7,64,30
2025-11-18,8,72,25
2025-11-18,9,39,20
2025-11-18,10,45,15
2025-11-19,1,180,30
2025-11-19,2,60,25
2025-11-19,3,242,40
2025-11-19,4,40,20
2025-11-19,5,92,35
2025-11-19,6,130,50
2025-11-19,7,53,30
2025-11-19,8,66,25
2025-11-19,9,34,20
2025-11-19,10,38,15
2025-11-20,1,171,30
2025-11-20,2,56,25
2025-11-20,3,231,40
2025-11-20,4,31,20
2025-11-20,5,86,35
2025-11-20,6,116,50
2025-11-20,7,182,30
2025-11-20,8,57,25
2025-11-20,9,27,20
2025-11-20,10,29,15
2025-11-21,1,162,30
2025-11-21,2,52,25
2025-11-21,3,221,40
2025-11-21,4,103,20
2025-11-21,5,78,35
2025-11-21,6,96,50
2025-11-21,7,166,30
2025-11-21,8,51,25
2025-11-21,9,140,20
2025-11-21,10,17,15
2025-11-22,1,148,30
2025-11-22,2,45,25
2025-11-22,3,214,40
2025-11-22,4,93,20
2025-11-22,5,69,35
2025-11-22,6,75,50
2025-11-22,7,149,30
2025-11-22,8,43,25
2025-11-22,9,130,20
2025-11-22,10,0,15
2025-11-23,1,135,30
2025-11-23,2,37,25
2025-11-23,3,204,40
2025-11-23,4,82,20
2025-11-23,5,61,35
2025-11-23,6,64,50
2025-11-23,7,132,30
2025-11-23,8,35,25
2025-11-23,9,119,20
2025-11-23,10,45,15
2025-11-24,1,128,30
2025-11-24,2,155,25
2025-11-24,3,191,40
2025-11-24,4,72,20
2025-11-24,5,57,35
2025-11-24,6,355,50
2025-11-24,7,117,30
2025-11-24,8,104,25
2025-11-24,9,114,20
2025-11-24,10,36,15
2025-11-25,1,121,30
2025-11-25,2,147,25
2025-11-25,3,180,40
2025-11-25,4,61,20
2025-11-25,5,49,35
2025-11-25,6,342,50
2025-11-25,7,103,30
2025-11-25,8,97,25
2025-11-25,9,108,20
2025-11-25,10,25,15
2025-11-26,1,113,30
2025-11-26,2,138,25
2025-11-26,3,169,40
2025-11-26,4,48,20
2025-11-26,5,43,35
2025-11-26,6,327,50
2025-11-26,7,95,30
2025-11-26,8,91,25
2025-11-26,9,103,20
2025-11-26,10,13,15
2025-11-27,1,105,30
2025-11-27,2,129,25
2025-11-27,3,162,40
2025-11-27,4,38,20
2025-11-27,5,246,35
2025-11-27,6,313,50
2025-11-27,7,82,30
2025-11-27,8,84,25
2025-11-27,9,99,20
2025-11-27,10,4,15
2025-11-28,1,94,30
2025-11-28,2,121,25
2025-11-28,3,153,40
2025-11-28,4,31,20
2025-11-28,5,237,35
2025-11-28,6,298,50
2025-11-28,7,65,30
2025-11-28,8,74,25
2025-11-28,9,91,20
2025-11-28,10,0,15
2025-11-29,1,81,30
2025-11-29,2,111,25
2025-11-29,3,144,40
2025-11-29,4,102,20
2025-11-29,5,227,35
2025-11-29,6,281,50
2025-11-29,7,44,30
2025-11-29,8,67,25
2025-11-29,9,83,20
2025-11-29,10,0,15
2025-11-30,1,71,30
2025-11-30,2,105,25
2025-11-30,3,135,40
2025-11-30,4,95,20
2025-11-30,5,218,35
2025-11-30,6,267,50
2025-11-30,7,113,30
2025-11-30,8,61,25
2025-11-30,9,75,20
2025-11-30,10,60,15
2025-12-01,1,65,30
2025-12-01,2,99,25
2025-12-01,3,119,40
2025-12-01,4,87,20
2025-12-01,5,212,35
2025-12-01,6,251,50
2025-12-01,7,100,30
2025-12-01,8,49,25
2025-12-01,9,73,20
2025-12-01,10,0,15
2025-12-02,1,58,30
2025-12-02,2,92,25
2025-12-02,3,110,40
2025-12-02,4,77,20
2025-12-02,5,208,35
2025-12-02,6,237,50
2025-12-02,7,88,30
2025-12-02,8,39,25
2025-12-02,9,71,20
2025-12-02,10,0,15
2025-12-03,1,49,30
2025-12-03,2,84,25
2025-12-03,3,102,40
2025-12-03,4,67,20
2025-12-03,5,203,35
2025-12-03,6,224,50
2025-12-03,7,74,30
2025-12-03,8,153,25
2025-12-03,9,67,20
2025-12-03,10,0,15
2025-12-04,1,38,30
2025-12-04,2,79,25
2025-12-04,3,93,40
2025-12-04,4,55,20
2025-12-04,5,197,35
2025-12-04,6,215,50
2025-12-04,7,64,30
2025-12-04,8,145,25
2025-12-04,9,64,20
2025-12-04,10,0,15
2025-12-05,1,117,30
2025-12-05,2,70,25
2025-12-05,3,85,40
2025-12-05,4,48,20
2025-12-05,5,188,35
2025-12-05,6,206,50
2025-12-05,7,56,30
2025-12-05,8,133,25
2025-12-05,9,58,20
2025-12-05,10,0,15
2025-12-06,1,107,30
2025-12-06,2,63,25
2025-12-06,3,77,40
2025-12-06,4,38,20
2025-12-06,5,181,35
2025-12-06,6,196,50
2025-12-06,7,47,30
2025-12-06,8,120,25
2025-12-06,9,55,20
2025-12-06,10,0,15
2025-12-07,1,96,30
2025-12-07,2,54,25
2025-12-07,3,70,40
2025-12-07,4,32,20
2025-12-07,5,176,35
2025-12-07,6,185,50
2025-12-07,7,186,30
2025-12-07,8,109,25
2025-12-07,9,48,20
2025-12-07,10,45,15
2025-12-08,1,88,30
2025-12-08,2,48,25
2025-12-08,3,61,40
2025-12-08,4,140,20
2025-12-08,5,169,35
2025-12-08,6,175,50
2025-12-08,7,174,30
2025-12-08,8,99,25
2025-12-08,9,45,20
2025-12-08,10,41,15
2025-12-09,1,79,30
2025-12-09,2,41,25
2025-12-09,3,207,40
2025-12-09,4,128,20
2025-12-09,5,163,35
2025-12-09,6,168,50
2025-12-09,7,163,30
2025-12-09,8,89,25
2025-12-09,9,42,20
2025-12-09,10,34,15
2025-12-10,1,70,30
2025-12-10,2,31,25
2025-12-10,3,197,40
2025-12-10,4,117,20
2025-12-10,5,158,35
2025-12-10,6,159,50
2025-12-10,7,152,30
2025-12-10,8,82,25
2025-12-10,9,38,20
2025-12-10,10,26,15
2025-12-11,1,63,30
2025-12-11,2,125,25
2025-12-11,3,182,40
2025-12-11,4,107,20
2025-12-11,5,149,35
2025-12-11,6,150,50
2025-12-11,7,141,30
2025-12-11,8,73,25
2025-12-11,9,34,20
2025-12-11,10,15,15
2025-12-12,1,57,30
2025-12-12,2,120,25
2025-12-12,3,173,40
2025-12-12,4,98,20
2025-12-12,5,146,35
2025-12-12,6,137,50
2025-12-12,7,126,30
2025-12-12,8,63,25
2025-12-12,9,28,20
2025-12-12,10,7,15
2025-12-13,1,45,30
2025-12-13,2,107,25
2025-12-13,3,165,40
2025-12-13,4,93,20
2025-12-13,5,139,35
2025-12-13,6,122,50
2025-12-13,7,113,30
2025-12-13,8,57,25
2025-12-13,9,142,20
2025-12-13,10,0,15
2025-12-14,1,215,30
2025-12-14,2,97,25
2025-12-14,3,156,40
2025-12-14,4,85,20
2025-12-14,5,133,35
2025-12-14,6,115,50
2025-12-14,7,100,30
2025-12-14,8,49,25
2025-12-14,9,139,20
2025-12-14,10,45,15
2025-12-15,1,207,30
2025-12-15,2,89,25
2025-12-15,3,147,40
2025-12-15,4,74,20
2025-12-15,5,130,35
2025-12-15,6,107,50
2025-12-15,7,90,30
2025-12-15,8,40,25
2025-12-15,9,135,20
2025-12-15,10,39,15
2025-12-16,1,199,30
2025-12-16,2,84,25
2025-12-16,3,136,40
2025-12-16,4,64,20
2025-12-16,5,126,35
2025-12-16,6,98,50
2025-12-16,7,82,30
2025-12-16,8,32,25
2025-12-16,9,133,20
2025-12-16,10,32,15
2025-12-17,1,187,30
2025-12-17,2,77,25
2025-12-17,3,130,40
2025-12-17,4,53,20
2025-12-17,5,122,35
2025-12-17,6,87,50
2025-12-17,7,74,30
2025-12-17,8,150,25
2025-12-17,9,131,20
2025-12-17,10,25,15
2025-12-18,1,178,30
2025-12-18,2,68,25
2025-12-18,3,121,40
2025-12-18,4,44,20
2025-12-18,5,116,35
2025-12-18,6,78,50
2025-12-18,7,0,30
2025-12-18,8,142,25
2025-12-18,9,131,20
2025-12-18,10,17,15
2025-12-19,1,166,30
2025-12-19,2,59,25
2025-12-19,3,110,40
2025-12-19,4,35,20
2025-12-19,5,108,35
2025-12-19,6,67,50
2025-12-19,7,0,30
2025-12-19,8,132,25
2025-12-19,9,126,20
2025-12-19,10,5,15
2025-12-20,1,155,30
2025-12-20,2,50,25
2025-12-20,3,105,40
2025-12-20,4,26,20
2025-12-20,5,102,35
2025-12-20,6,358,50
2025-12-20,7,0,30
2025-12-20,8,118,25
2025-12-20,9,121,20
2025-12-20,10,0,15
2025-12-21,1,146,30
2025-12-21,2,37,25
2025-12-21,3,98,40
2025-12-21,4,119,20
2025-12-21,5,93,35
2025-12-21,6,345,50
2025-12-21,7,0,30
2025-12-21,8,108,25
2025-12-21,9,115,20
2025-12-21,10,45,15
2025-12-22,1,141,30
2025-12-22,2,155,25
2025-12-22,3,87,40
2025-12-22,4,109,20
2025-12-22,5,88,35
2025-12-22,6,335,50
2025-12-22,7,0,30
2025-12-22,8,98,25
2025-12-22,9,110,20
2025-12-22,10,38,15
2025-12-23,1,132,30
2025-12-23,2,146,25
2025-12-23,3,81,40
2025-12-23,4,100,20
2025-12-23,5,85,35
2025-12-23,6,325,50
2025-12-23,7,0,30
2025-12-23,8,89,25
2025-12-23,9,108,20
2025-12-23,10,32,15
2025-12-24,1,127,30
2025-12-24,2,138,25
2025-12-24,3,71,40
2025-12-24,4,90,20
2025-12-24,5,80,35
2025-12-24,6,315,50
2025-12-24,7,0,30
2025-12-24,8,83,25
2025-12-24,9,105,20
2025-12-24,10,29,15
2025-12-25,1,121,30
2025-12-25,2,131,25
2025-12-25,3,60,40
2025-12-25,4,81,20
2025-12-25,5,76,35
2025-12-25,6,304,50
2025-12-25,7,0,30
2025-12-25,8,75,25
2025-12-25,9,101,20
2025-12-25,10,23,15
2025-12-26,1,108,30
2025-12-26,2,123,25
2025-12-26,3,50,40
2025-12-26,4,73,20
2025-12-26,5,70,35
2025-12-26,6,291,50
2025-12-26,7,0,30
2025-12-26,8,68,25
2025-12-26,9,97,20
2025-12-26,10,11,15
2025-12-27,1,95,30
2025-12-27,2,111,25
2025-12-27,3,163,40
2025-12-27,4,66,20
2025-12-27,5,63,35
2025-12-27,6,280,50
2025-12-27,7,180,30
2025-12-27,8,59,25
2025-12-27,9,90,20
2025-12-27,10,0,15
2025-12-28,1,88,30
2025-12-28,2,104,25
2025-12-28,3,153,40
2025-12-28,4,56,20
2025-12-28,5,60,35
2025-12-28,6,267,50
2025-12-28,7,172,30
2025-12-28,8,48,25
2025-12-28,9,84,20
2025-12-28,10,75,15
2025-12-29,1,81,30
2025-12-29,2,98,25
2025-12-29,3,140,40
2025-12-29,4,45,20
2025-12-29,5,55,35
2025-12-29,6,256,50
2025-12-29,7,163,30
2025-12-29,8,36,25
2025-12-29,9,79,20
2025-12-29,10,70,15
2025-12-30,1,72,30
2025-12-30,2,92,25
2025-12-30,3,127,40
2025-12-30,4,34,20
2025-12-30,5,52,35
2025-12-30,6,250,50
2025-12-30,7,152,30
2025-12-30,8,149,25
2025-12-30,9,76,20
2025-12-30,10,63,15
2025-12-31,1,63,30
2025-12-31,2,87,25
2025-12-31,3,118,40
2025-12-31,4,25,20
2025-12-31,5,46,35
2025-12-31,6,240,50
2025-12-31,7,142,30
2025-12-31,8,142,25
2025-12-31,9,72,20
2025-12-31,10,56,15
2026-01-01,1,56,30
2026-01-01,2,80,25
2026-01-01,3,107,40
2026-01-01,4,97,20
2026-01-01,5,44,35
2026-01-01,6,231,50
2026-01-01,7,129,30
2026-01-01,8,131,25
2026-01-01,9,69,20
2026-01-01,10,47,15
2026-01-02,1,48,30
2026-01-02,2,75,25
2026-01-02,3,99,40
2026-01-02,4,90,20
2026-01-02,5,177,35
2026-01-02,6,220,50
2026-01-02,7,117,30
2026-01-02,8,116,25
2026-01-02,9,64,20
2026-01-02,10,38,15
2026-01-03,1,39,30
2026-01-03,2,66,25
2026-01-03,3,88,40
2026-01-03,4,81,20
2026-01-03,5,170,35
2026-01-03,6,209,50
2026-01-03,7,106,30
2026-01-03,8,103,25
2026-01-03,9,57,20
2026-01-03,10,25,15
2026-01-04,1,211,30
2026-01-04,2,60,25
2026-01-04,3,79,40
2026-01-04,4,71,20
2026-01-04,5,165,35
2026-01-04,6,202,50
2026-01-04,7,95,30
2026-01-04,8,91,25
2026-01-04,9,50,20
2026-01-04,10,58,15
2026-01-05,1,207,30
2026-01-05,2,54,25
2026-01-05,3,68,40
2026-01-05,4,60,20
2026-01-05,5,161,35
2026-01-05,6,195,50
2026-01-05,7,86,30
2026-01-05,8,79,25
2026-01-05,9,47,20
2026-01-05,10,54,15
2026-01-06,1,201,30
2026-01-06,2,46,25
2026-01-06,3,54,40
2026-01-06,4,49,20
2026-01-06,5,155,35
2026-01-06,6,189,50
2026-01-06,7,79,30
2026-01-06,8,64,25
2026-01-06,9,47,20
2026-01-06,10,47,15
2026-01-07,1,196,30
2026-01-07,2,37,25
2026-01-07,3,246,40
2026-01-07,4,40,20
2026-01-07,5,149,35
2026-01-07,6,183,50
2026-01-07,7,69,30
2026-01-07,8,47,25
2026-01-07,9,45,20
2026-01-07,10,39,15
2026-01-08,1,187,30
2026-01-08,2,103,25
2026-01-08,3,238,40
2026-01-08,4,32,20
2026-01-08,5,145,35
2026-01-08,6,176,50
2026-01-08,7,58,30
2026-01-08,8,34,25
2026-01-08,9,40,20
2026-01-08,10,31,15
2026-01-09,1,178,30
2026-01-09,2,93,25
2026-01-09,3,228,40
2026-01-09,4,143,20
2026-01-09,5,138,35
2026-01-09,6,167,50
2026-01-09,7,44,30
2026-01-09,8,85,25
2026-01-09,9,35,20
2026-01-09,10,24,15
2026-01-10,1,170,30
2026-01-10,2,81,25
2026-01-10,3,219,40
2026-01-10,4,136,20
2026-01-10,5,132,35
2026-01-10,6,158,50
2026-01-10,7,216,30
2026-01-10,8,59,25
2026-01-10,9,26,20
2026-01-10,10,15,15
2026-01-11,1,162,30
2026-01-11,2,69,25
2026-01-11,3,210,40
2026-01-11,4,126,20
2026-01-11,5,127,35
2026-01-11,6,147,50
2026-01-11,7,205,30
2026-01-11,8,38,25
2026-01-11,9,80,20
2026-01-11,10,79,15
2026-01-12,1,155,30
2026-01-12,2,61,25
2026-01-12,3,197,40
2026-01-12,4,113,20
2026-01-12,5,122,35
2026-01-12,6,141,50
2026-01-12,7,197,30
2026-01-12,8,25,25
2026-01-12,9,77,20
2026-01-12,10,71,15
2026-01-13,1,150,30
2026-01-13,2,52,25
2026-01-13,3,185,40
2026-01-13,4,103,20
2026-01-13,5,114,35
2026-01-13,6,131,50
2026-01-13,7,187,30
2026-01-13,8,17,25
2026-01-13,9,73,20
2026-01-13,10,63,15
2026-01-14,1,143,30
2026-01-14,2,43,25
2026-01-14,3,176,40
2026-01-14,4,92,20
2026-01-14,5,112,35
2026-01-14,6,125,50
2026-01-14,7,176,30
2026-01-14,8,0,25
2026-01-14,9,70,20
2026-01-14,10,59,15
2026-01-15,1,133,30
2026-01-15,2,34,25
2026-01-15,3,163,40
2026-01-15,4,84,20
2026-01-15,5,104,35
2026-01-15,6,116,50
2026-01-15,7,169,30
2026-01-15,8,0,25
2026-01-15,9,67,20
2026-01-15,10,54,15
2026-01-16,1,123,30
2026-01-16,2,124,25
2026-01-16,3,154,40
2026-01-16,4,72,20
2026-01-16,5,97,35
2026-01-16,6,104,50
2026-01-16,7,154,30
2026-01-16,8,100,25
2026-01-16,9,62,20
2026-01-16,10,42,15
2026-01-17,1,113,30
2026-01-17,2,118,25
2026-01-17,3,144,40
2026-01-17,4,63,20
2026-01-17,5,90,35
2026-01-17,6,91,50
2026-01-17,7,135,30
2026-01-17,8,84,25
2026-01-17,9,56,20
2026-01-17,10,31,15
2026-01-18,1,103,30
2026-01-18,2,110,25
2026-01-18,3,136,40
2026-01-18,4,56,20
2026-01-18,5,82,35
2026-01-18,6,83,50
2026-01-18,7,121,30
2026-01-18,8,68,25
2026-01-18,9,49,20
2026-01-18,10,23,15
2026-01-19,1,97,30
2026-01-19,2,106,25
2026-01-19,3,124,40
2026-01-19,4,46,20
2026-01-19,5,77,35
2026-01-19,6,76,50
2026-01-19,7,112,30
2026-01-19,8,57,25
2026-01-19,9,46,20
2026-01-19,10,93,15
2026-01-20,1,91,30
2026-01-20,2,98,25
2026-01-20,3,115,40
2026-01-20,4,39,20
2026-01-20,5,72,35
2026-01-20,6,69,50
2026-01-20,7,101,30
2026-01-20,8,48,25
2026-01-20,9,43,20
2026-01-20,10,85,15
2026-01-21,1,84,30
2026-01-21,2,90,25
2026-01-21,3,105,40
2026-01-21,4,30,20
2026-01-21,5,68,35
2026-01-21,6,258,50
2026-01-21,7,92,30
2026-01-21,8,36,25
2026-01-21,9,41,20
2026-01-21,10,78,15
2026-01-22,1,80,30
2026-01-22,2,81,25
2026-01-22,3,94,40
2026-01-22,4,81,20
2026-01-22,5,65,35
2026-01-22,6,250,50
2026-01-22,7,81,30
2026-01-22,8,25,25
2026-01-22,9,38,20
2026-01-22,10,71,15
2026-01-23,1,71,30
2026-01-23,2,74,25
2026-01-23,3,80,40
2026-01-23,4,72,20
2026-01-23,5,58,35
2026-01-23,6,242,50
2026-01-23,7,70,30
2026-01-23,8,143,25
2026-01-23,9,33,20
2026-01-23,10,60,15
2026-01-24,1,58,30
2026-01-24,2,64,25
2026-01-24,3,70,40
2026-01-24,4,64,20
2026-01-24,5,52,35
2026-01-24,6,232,50
2026-01-24,7,55,30
2026-01-24,8,131,25
2026-01-24,9,26,20
2026-01-24,10,47,15
2026-01-25,1,50,30
2026-01-25,2,58,25
2026-01-25,3,61,40
2026-01-25,4,56,20
2026-01-25,5,47,35
2026-01-25,6,225,50
2026-01-25,7,43,30
2026-01-25,8,121,25
2026-01-25,9,141,20
2026-01-25,10,35,15
2026-01-26,1,45,30
2026-01-26,2,51,25
2026-01-26,3,206,40
2026-01-26,4,49,20
2026-01-26,5,217,35
2026-01-26,6,218,50
2026-01-26,7,125,30
2026-01-26,8,112,25
2026-01-26,9,137,20
2026-01-26,10,29,15
2026-01-27,1,37,30
2026-01-27,2,45,25
2026-01-27,3,189,40
2026-01-27,4,37,20
2026-01-27,5,213,35
2026-01-27,6,207,50
2026-01-27,7,118,30
2026-01-27,8,101,25
2026-01-27,9,136,20
2026-01-27,10,23,15
2026-01-28,1,213,30
2026-01-28,2,36,25
2026-01-28,3,177,40
2026-01-28,4,25,20
2026-01-28,5,206,35
2026-01-28,6,196,50
2026-01-28,7,111,30
2026-01-28,8,91,25
2026-01-28,9,133,20
2026-01-28,10,76,15
2026-01-29,1,207,30
2026-01-29,2,178,25
2026-01-29,3,165,40
2026-01-29,4,76,20
2026-01-29,5,199,35
2026-01-29,6,189,50
2026-01-29,7,104,30
2026-01-29,8,84,25
2026-01-29,9,128,20
2026-01-29,10,67,15
2026-01-30,1,201,30
2026-01-30,2,172,25
2026-01-30,3,155,40
2026-01-30,4,69,20
2026-01-30,5,194,35
2026-01-30,6,179,50
2026-01-30,7,86,30
2026-01-30,8,73,25
2026-01-30,9,122,20
2026-01-30,10,58,15
2026-01-31,1,191,30
2026-01-31,2,165,25
2026-01-31,3,149,40
2026-01-31,4,60,20
2026-01-31,5,185,35
2026-01-31,6,171,50
2026-01-31,7,73,30
2026-01-31,8,59,25
2026-01-31,9,116,20
2026-01-31,10,51,15
2026-02-01,1,180,30
2026-02-01,2,155,25
2026-02-01,3,141,40
2026-02-01,4,51,20
2026-02-01,5,180,35
2026-02-01,6,160,50
2026-02-01,7,63,30
2026-02-01,8,46,25
2026-02-01,9,109,20
2026-02-01,10,38,15
2026-02-02,1,175,30
2026-02-02,2,146,25
2026-02-02,3,131,40
2026-02-02,4,42,20
2026-02-02,5,175,35
2026-02-02,6,154,50
2026-02-02,7,56,30
2026-02-02,8,37,25
2026-02-02,9,109,20
2026-02-02,10,33,15
2026-02-03,1,166,30
2026-02-03,2,140,25
2026-02-03,3,123,40
2026-02-03,4,31,20
2026-02-03,5,170,35
2026-02-03,6,145,50
2026-02-03,7,51,30
2026-02-03,8,175,25
2026-02-03,9,105,20
2026-02-03,10,26,15
2026-02-04,1,160,30
2026-02-04,2,133,25
2026-02-04,3,113,40
2026-02-04,4,22,20
2026-02-04,5,165,35
2026-02-04,6,138,50
2026-02-04,7,43,30
2026-02-04,8,164,25
2026-02-04,9,102,20
2026-02-04,10,20,15
2026-02-05,1,151,30
2026-02-05,2,124,25
2026-02-05,3,104,40
2026-02-05,4,134,20
2026-02-05,5,160,35
2026-02-05,6,131,50
2026-02-05,7,155,30
2026-02-05,8,156,25
2026-02-05,9,97,20
2026-02-05,10,102,15
2026-02-06,1,144,30
2026-02-06,2,116,25
2026-02-06,3,95,40
2026-02-06,4,127,20
2026-02-06,5,156,35
2026-02-06,6,120,50
2026-02-06,7,145,30
2026-02-06,8,147,25
2026-02-06,9,94,20
2026-02-06,10,91,15
2026-02-07,1,133,30
2026-02-07,2,107,25
2026-02-07,3,87,40
2026-02-07,4,119,20
2026-02-07,5,150,35
2026-02-07,6,110,50
2026-02-07,7,133,30
2026-02-07,8,134,25
2026-02-07,9,86,20
2026-02-07,10,78,15
2026-02-08,1,126,30
2026-02-08,2,100,25
2026-02-08,3,79,40
2026-02-08,4,110,20
2026-02-08,5,147,35
2026-02-08,6,103,50
2026-02-08,7,124,30
2026-02-08,8,124,25
2026-02-08,9,79,20
2026-02-08,10,68,15
2026-02-09,1,117,30
2026-02-09,2,96,25
2026-02-09,3,68,40
2026-02-09,4,101,20
2026-02-09,5,140,35
2026-02-09,6,93,50
2026-02-09,7,115,30
2026-02-09,8,114,25
2026-02-09,9,75,20
2026-02-09,10,62,15
2026-02-10,1,109,30
2026-02-10,2,89,25
2026-02-10,3,58,40
2026-02-10,4,90,20
2026-02-10,5,136,35
2026-02-10,6,85,50
2026-02-10,7,107,30
2026-02-10,8,105,25
2026-02-10,9,71,20
2026-02-10,10,54,15
2026-02-11,1,101,30
2026-02-11,2,83,25
2026-02-11,3,49,40
2026-02-11,4,81,20
2026-02-11,5,130,35
2026-02-11,6,77,50
2026-02-11,7,98,30
2026-02-11,8,95,25
2026-02-11,9,68,20
2026-02-11,10,47,15
2026-02-12,1,93,30
2026-02-12,2,76,25
2026-02-12,3,201,40
2026-02-12,4,75,20
2026-02-12,5,124,35
2026-02-12,6,69,50
2026-02-12,7,91,30
2026-02-12,8,85,25
2026-02-12,9,64,20
2026-02-12,10,38,15
2026-02-13,1,85,30
2026-02-13,2,66,25
2026-02-13,3,191,40
2026-02-13,4,68,20
2026-02-13,5,118,35
2026-02-13,6,206,50
2026-02-13,7,83,30
2026-02-13,8,78,25
2026-02-13,9,57,20
2026-02-13,10,29,15
2026-02-14,1,72,30
2026-02-14,2,60,25
2026-02-14,3,182,40
2026-02-14,4,62,20
2026-02-14,5,111,35
2026-02-14,6,194,50
2026-02-14,7,73,30
2026-02-14,8,66,25
2026-02-14,9,51,20
2026-02-14,10,93,15
2026-02-15,1,63,30
2026-02-15,2,52,25
2026-02-15,3,173,40
2026-02-15,4,55,20
2026-02-15,5,108,35
2026-02-15,6,185,50
2026-02-15,7,66,30
2026-02-15,8,57,25
2026-02-15,9,43,20
2026-02-15,10,83,15
2026-02-16,1,58,30
2026-02-16,2,45,25
2026-02-16,3,161,40
2026-02-16,4,44,20
2026-02-16,5,102,35
2026-02-16,6,180,50
2026-02-16,7,59,30
2026-02-16,8,47,25
2026-02-16,9,40,20
2026-02-16,10,80,15
2026-02-17,1,52,30
2026-02-17,2,43,25
2026-02-17,3,151,40
2026-02-17,4,35,20
2026-02-17,5,98,35
2026-02-17,6,173,50
2026-02-17,7,53,30
2026-02-17,8,39,25
2026-02-17,9,37,20
2026-02-17,10,72,15
2026-02-18,1,45,30
2026-02-18,2,38,25
2026-02-18,3,139,40
2026-02-18,4,25,20
2026-02-18,5,90,35
2026-02-18,6,163,50
2026-02-18,7,45,30
2026-02-18,8,130,25
2026-02-18,9,33,20
2026-02-18,10,65,15
2026-02-19,1,37,30
2026-02-19,2,130,25
2026-02-19,3,128,40
2026-02-19,4,133,20
2026-02-19,5,85,35
2026-02-19,6,154,50
2026-02-19,7,184,30
2026-02-19,8,121,25
2026-02-19,9,29,20
2026-02-19,10,56,15
2026-02-20,1,118,30
2026-02-20,2,122,25
2026-02-20,3,122,40
2026-02-20,4,125,20
2026-02-20,5,77,35
2026-02-20,6,145,50
2026-02-20,7,173,30
2026-02-20,8,111,25
2026-02-20,9,25,20
2026-02-20,10,45,15
2026-02-21,1,108,30
2026-02-21,2,112,25
2026-02-21,3,116,40
2026-02-21,4,119,20
2026-02-21,5,71,35
2026-02-21,6,136,50
2026-02-21,7,161,30
2026-02-21,8,98,25
2026-02-21,9,138,20
2026-02-21,10,34,15
2026-02-22,1,100,30
2026-02-22,2,105,25
2026-02-22,3,108,40
2026-02-22,4,112,20
2026-02-22,5,62,35
2026-02-22,6,127,50
2026-02-22,7,154,30
2026-02-22,8,89,25
2026-02-22,9,132,20
2026-02-22,10,24,15
2026-02-23,1,93,30
2026-02-23,2,100,25
2026-02-23,3,96,40
2026-02-23,4,100,20
2026-02-23,5,55,35
2026-02-23,6,122,50
2026-02-23,7,149,30
2026-02-23,8,81,25
2026-02-23,9,130,20
2026-02-23,10,19,15
2026-02-24,1,87,30
2026-02-24,2,93,25
2026-02-24,3,85,40
2026-02-24,4,93,20
2026-02-24,5,51,35
2026-02-24,6,113,50
2026-02-24,7,142,30
2026-02-24,8,71,25
2026-02-24,9,124,20
2026-02-24,10,101,15
2026-02-25,1,80,30
2026-02-25,2,88,25
2026-02-25,3,74,40
2026-02-25,4,83,20
2026-02-25,5,45,35
2026-02-25,6,108,50
2026-02-25,7,134,30
2026-02-25,8,61,25
2026-02-25,9,119,20
2026-02-25,10,93,15
2026-02-26,1,72,30
2026-02-26,2,82,25
2026-02-26,3,67,40
2026-02-26,4,74,20
2026-02-26,5,213,35
2026-02-26,6,101,50
2026-02-26,7,124,30
2026-02-26,8,49,25
2026-02-26,9,114,20
2026-02-26,10,86,15
2026-02-27,1,65,30
2026-02-27,2,74,25
2026-02-27,3,59,40
2026-02-27,4,67,20
2026-02-27,5,207,35
2026-02-27,6,89,50
2026-02-27,7,111,30
2026-02-27,8,38,25
2026-02-27,9,109,20
2026-02-27,10,76,15
2026-02-28,1,56,30
2026-02-28,2,63,25
2026-02-28,3,55,40
2026-02-28,4,59,20
2026-02-28,5,200,35
2026-02-28,6,79,50
2026-02-28,7,98,30
2026-02-28,8,128,25
2026-02-28,9,102,20
2026-02-28,10,61,15
2026-03-01,1,45,30
2026-03-01,2,54,25
2026-03-01,3,287,40
2026-03-01,4,50,20
2026-03-01,5,196,35
2026-03-01,6,69,50
2026-03-01,7,89,30
2026-03-01,8,123,25
2026-03-01,9,97,20
2026-03-01,10,51,15
2026-03-02,1,39,30
2026-03-02,2,48,25
2026-03-02,3,281,40
2026-03-02,4,43,20
2026-03-02,5,191,35
2026-03-02,6,61,50
2026-03-02,7,81,30
2026-03-02,8,118,25
2026-03-02,9,93,20
2026-03-02,10,47,15
2026-03-03,1,182,30
2026-03-03,2,43,25
2026-03-03,3,271,40
2026-03-03,4,34,20
2026-03-03,5,186,35
2026-03-03,6,253,50
2026-03-03,7,74,30
2026-03-03,8,110,25
2026-03-03,9,88,20
2026-03-03,10,42,15
2026-03-04,1,173,30
2026-03-04,2,37,25
2026-03-04,3,258,40
2026-03-04,4,27,20
2026-03-04,5,181,35
2026-03-04,6,249,50
2026-03-04,7,67,30
2026-03-04,8,104,25
2026-03-04,9,84,20
2026-03-04,10,37,15
2026-03-05,1,165,30
2026-03-05,2,31,25
2026-03-05,3,245,40
2026-03-05,4,101,20
2026-03-05,5,175,35
2026-03-05,6,240,50
2026-03-05,7,62,30
2026-03-05,8,96,25
2026-03-05,9,78,20
2026-03-05,10,33,15
2026-03-06,1,159,30
2026-03-06,2,98,25
2026-03-06,3,234,40
2026-03-06,4,91,20
2026-03-06,5,168,35
2026-03-06,6,229,50
2026-03-06,7,52,30
2026-03-06,8,88,25
2026-03-06,9,71,20
2026-03-06,10,25,15
2026-03-07,1,148,30
2026-03-07,2,91,25
2026-03-07,3,227,40
2026-03-07,4,84,20
2026-03-07,5,162,35
2026-03-07,6,216,50
2026-03-07,7,38,30
2026-03-07,8,78,25
2026-03-07,9,62,20
2026-03-07,10,107,15
2026-03-08,1,139,30
2026-03-08,2,84,25
2026-03-08,3,219,40
2026-03-08,4,76,20
2026-03-08,5,157,35
2026-03-08,6,204,50
2026-03-08,7,182,30
2026-03-08,8,70,25
2026-03-08,9,52,20
2026-03-08,10,98,15
2026-03-09,1,131,30
2026-03-09,2,80,25
2026-03-09,3,207,40
2026-03-09,4,67,20
2026-03-09,5,155,35
2026-03-09,6,197,50
2026-03-09,7,175,30
2026-03-09,8,65,25
2026-03-09,9,46,20
2026-03-09,10,95,15
2026-03-10,1,123,30
2026-03-10,2,75,25
2026-03-10,3,197,40
2026-03-10,4,62,20
2026-03-10,5,153,35
2026-03-10,6,188,50
2026-03-10,7,167,30
2026-03-10,8,59,25
2026-03-10,9,43,20
2026-03-10,10,89,15
2026-03-11,1,114,30
2026-03-11,2,67,25
2026-03-11,3,188,40
2026-03-11,4,51,20
2026-03-11,5,146,35
2026-03-11,6,180,50
2026-03-11,7,157,30
2026-03-11,8,52,25
2026-03-11,9,41,20
2026-03-11,10,82,15
2026-03-12,1,106,30
2026-03-12,2,60,25
2026-03-12,3,179,40
2026-03-12,4,44,20
2026-03-12,5,138,35
2026-03-12,6,170,50
2026-03-12,7,148,30
2026-03-12,8,45,25
2026-03-12,9,35,20
2026-03-12,10,77,15
2026-03-13,1,98,30
2026-03-13,2,53,25
2026-03-13,3,171,40
2026-03-13,4,33,20
2026-03-13,5,132,35
2026-03-13,6,159,50
2026-03-13,7,140,30
2026-03-13,8,38,25
2026-03-13,9,29,20
2026-03-13,10,71,15
2026-03-14,1,87,30
2026-03-14,2,46,25
2026-03-14,3,163,40
2026-03-14,4,25,20
2026-03-14,5,124,35
2026-03-14,6,152,50
2026-03-14,7,131,30
2026-03-14,8,128,25
2026-03-14,9,80,20
2026-03-14,10,62,15
2026-03-15,1,79,30
2026-03-15,2,36,25
2026-03-15,3,154,40
2026-03-15,4,135,20
2026-03-15,5,115,35
2026-03-15,6,142,50
2026-03-15,7,123,30
2026-03-15,8,119,25
2026-03-15,9,71,20
2026-03-15,10,54,15
2026-03-16,1,77,30
2026-03-16,2,130,25
2026-03-16,3,144,40
2026-03-16,4,127,20
2026-03-16,5,108,35
2026-03-16,6,134,50
2026-03-16,7,116,30
2026-03-16,8,113,25
2026-03-16,9,68,20
2026-03-16,10,49,15
2026-03-17,1,70,30
2026-03-17,2,124,25
2026-03-17,3,132,40
2026-03-17,4,117,20
2026-03-17,5,102,35
2026-03-17,6,126,50
2026-03-17,7,109,30
2026-03-17,8,107,25
2026-03-17,9,61,20
2026-03-17,10,45,15
2026-03-18,1,60,30
2026-03-18,2,118,25
2026-03-18,3,120,40
2026-03-18,4,108,20
2026-03-18,5,96,35
2026-03-18,6,120,50
2026-03-18,7,102,30
2026-03-18,8,100,25
2026-03-18,9,56,20
2026-03-18,10,39,15
2026-03-19,1,53,30
2026-03-19,2,112,25
2026-03-19,3,111,40
2026-03-19,4,99,20
2026-03-19,5,92,35
2026-03-19,6,112,50
2026-03-19,7,94,30
2026-03-19,8,93,25
2026-03-19,9,46,20
2026-03-19,10,33,15
2026-03-20,1,43,30
2026-03-20,2,107,25
2026-03-20,3,105,40
2026-03-20,4,91,20
2026-03-20,5,86,35
2026-03-20,6,98,50
2026-03-20,7,83,30
2026-03-20,8,86,25
2026-03-20,9,38,20
2026-03-20,10,26,15
2026-03-21,1,211,30
2026-03-21,2,98,25
2026-03-21,3,99,40
2026-03-21,4,81,20
2026-03-21,5,79,35
2026-03-21,6,89,50
2026-03-21,7,74,30
2026-03-21,8,76,25
2026-03-21,9,28,20
2026-03-21,10,89,15
2026-03-22,1,203,30
2026-03-22,2,94,25
2026-03-22,3,91,40
2026-03-22,4,73,20
2026-03-22,5,74,35
2026-03-22,6,79,50
2026-03-22,7,67,30
2026-03-22,8,68,25
2026-03-22,9,120,20
2026-03-22,10,80,15
2026-03-23,1,198,30
2026-03-23,2,87,25
2026-03-23,3,79,40
2026-03-23,4,67,20
2026-03-23,5,70,35
2026-03-23,6,72,50
2026-03-23,7,59,30
2026-03-23,8,61,25
2026-03-23,9,117,20
2026-03-23,10,75,15
2026-03-24,1,194,30
2026-03-24,2,81,25
2026-03-24,3,66,40
2026-03-24,4,56,20
2026-03-24,5,65,35
2026-03-24,6,64,50
2026-03-24,7,49,30
2026-03-24,8,56,25
2026-03-24,9,112,20
2026-03-24,10,69,15
2026-03-25,1,189,30
2026-03-25,2,77,25
2026-03-25,3,54,40
2026-03-25,4,49,20
2026-03-25,5,58,35
2026-03-25,6,208,50
2026-03-25,7,42,30
2026-03-25,8,49,25
2026-03-25,9,107,20
2026-03-25,10,63,15
2026-03-26,1,181,30
2026-03-26,2,70,25
2026-03-26,3,245,40
2026-03-26,4,39,20
2026-03-26,5,53,35
2026-03-26,6,196,50
2026-03-26,7,124,30
2026-03-26,8,43,25
2026-03-26,9,102,20
2026-03-26,10,55,15
2026-03-27,1,173,30
2026-03-27,2,59,25
2026-03-27,3,239,40
2026-03-27,4,31,20
2026-03-27,5,44,35
2026-03-27,6,185,50
2026-03-27,7,116,30
2026-03-27,8,37,25
2026-03-27,9,93,20
2026-03-27,10,50,15
2026-03-28,1,165,30
2026-03-28,2,50,25
2026-03-28,3,233,40
2026-03-28,4,81,20
2026-03-28,5,144,35
2026-03-28,6,176,50
2026-03-28,7,106,30
2026-03-28,8,104,25
2026-03-28,9,84,20
2026-03-28,10,44,15
2026-03-29,1,158,30
2026-03-29,2,44,25
2026-03-29,3,225,40
2026-03-29,4,68,20
2026-03-29,5,138,35
2026-03-29,6,166,50
2026-03-29,7,95,30
2026-03-29,8,95,25
2026-03-29,9,75,20
2026-03-29,10,35,15
2026-03-30,1,151,30
2026-03-30,2,38,25
2026-03-30,3,214,40
2026-03-30,4,58,20
2026-03-30,5,132,35
2026-03-30,6,158,50
2026-03-30,7,88,30
2026-03-30,8,89,25
2026-03-30,9,67,20
2026-03-30,10,30,15
2026-03-31,1,144,30
2026-03-31,2,35,25
2026-03-31,3,204,40
2026-03-31,4,50,20
2026-03-31,5,126,35
2026-03-31,6,150,50
2026-03-31,7,80,30
2026-03-31,8,81,25
2026-03-31,9,62,20
2026-03-31,10,25,15
2026-04-01,1,136,30
2026-04-01,2,153,25
2026-04-01,3,194,40
2026-04-01,4,41,20
2026-04-01,5,120,35
2026-04-01,6,139,50
2026-04-01,7,75,30
2026-04-01,8,75,25
2026-04-01,9,56,20
2026-04-01,10,19,15
2026-04-02,1,127,30
2026-04-02,2,145,25
2026-04-02,3,183,40
2026-04-02,4,34,20
2026-04-02,5,115,35
2026-04-02,6,129,50
2026-04-02,7,65,30
2026-04-02,8,64,25
2026-04-02,9,51,20
2026-04-02,10,14,15
2026-04-03,1,119,30
2026-04-03,2,140,25
2026-04-03,3,173,40
2026-04-03,4,27,20
2026-04-03,5,109,35
2026-04-03,6,119,50
2026-04-03,7,54,30
2026-04-03,8,57,25
2026-04-03,9,43,20
2026-04-03,10,54,15
2026-04-04,1,108,30
2026-04-04,2,133,25
2026-04-04,3,166,40
2026-04-04,4,22,20
2026-04-04,5,102,35
2026-04-04,6,110,50
2026-04-04,7,40,30
2026-04-04,8,47,25
2026-04-04,9,32,20
2026-04-04,10,45,15
2026-04-05,1,99,30
2026-04-05,2,125,25
2026-04-05,3,159,40
2026-04-05,4,14,20
2026-04-05,5,95,35
2026-04-05,6,102,50
2026-04-05,7,32,30
2026-04-05,8,40,25
2026-04-05,9,28,20
2026-04-05,10,38,15
2026-04-06,1,93,30
2026-04-06,2,121,25
2026-04-06,3,149,40
2026-04-06,4,6,20
2026-04-06,5,88,35
2026-04-06,6,94,50
2026-04-06,7,24,30
2026-04-06,8,34,25
2026-04-06,9,25,20
2026-04-06,10,33,15
2026-04-07,1,86,30
2026-04-07,2,114,25
2026-04-07,3,136,40
2026-04-07,4,0,20
2026-04-07,5,83,35
2026-04-07,6,85,50
2026-04-07,7,17,30
2026-04-07,8,153,25
2026-04-07,9,19,20
2026-04-07,10,28,15
2026-04-08,1,78,30
2026-04-08,2,109,25
2026-04-08,3,126,40
2026-04-08,4,0,20
2026-04-08,5,77,35
2026-04-08,6,75,50
2026-04-08,7,156,30
2026-04-08,8,147,25
2026-04-08,9,134,20
2026-04-08,10,24,15
2026-04-09,1,70,30
2026-04-09,2,102,25
2026-04-09,3,118,40
2026-04-09,4,0,20
2026-04-09,5,70,35
2026-04-09,6,65,50
2026-04-09,7,146,30
2026-04-09,8,140,25
2026-04-09,9,128,20
2026-04-09,10,19,15
2026-04-10,1,61,30
2026-04-10,2,95,25
2026-04-10,3,111,40
2026-04-10,4,120,20
2026-04-10,5,65,35
2026-04-10,6,207,50
2026-04-10,7,135,30
2026-04-10,8,131,25
2026-04-10,9,121,20
2026-04-10,10,13,15
2026-04-11,1,54,30
2026-04-11,2,87,25
2026-04-11,3,103,40
2026-04-11,4,113,20
2026-04-11,5,58,35
2026-04-11,6,199,50
2026-04-11,7,127,30
2026-04-11,8,123,25
2026-04-11,9,113,20
2026-04-11,10,4,15
2026-04-12,1,48,30
2026-04-12,2,79,25
2026-04-12,3,96,40
2026-04-12,4,109,20
2026-04-12,5,53,35
2026-04-12,6,188,50
2026-04-12,7,120,30
2026-04-12,8,114,25
2026-04-12,9,103,20
2026-04-12,10,0,15
2026-04-13,1,40,30
2026-04-13,2,71,25
2026-04-13,3,86,40
2026-04-13,4,100,20
2026-04-13,5,47,35
2026-04-13,6,181,50
2026-04-13,7,114,30
2026-04-13,8,110,25
2026-04-13,9,98,20
2026-04-13,10,0,15
2026-04-14,1,216,30
2026-04-14,2,65,25
2026-04-14,3,75,40
2026-04-14,4,90,20
2026-04-14,5,43,35
2026-04-14,6,173,50
2026-04-14,7,106,30
2026-04-14,8,104,25
2026-04-14,9,92,20
2026-04-14,10,0,15
2026-04-15,1,211,30
2026-04-15,2,58,25
2026-04-15,3,63,40
2026-04-15,4,81,20
2026-04-15,5,245,35
2026-04-15,6,165,50
2026-04-15,7,100,30
2026-04-15,8,97,25
2026-04-15,9,86,20
2026-04-15,10,0,15
2026-04-16,1,204,30
2026-04-16,2,54,25
2026-04-16,3,57,40
2026-04-16,4,71,20
2026-04-16,5,240,35
2026-04-16,6,157,50
2026-04-16,7,91,30
2026-04-16,8,90,25
2026-04-16,9,79,20
2026-04-16,10,75,15
2026-04-17,1,195,30
2026-04-17,2,49,25
2026-04-17,3,49,40
2026-04-17,4,61,20
2026-04-17,5,233,35
2026-04-17,6,149,50
2026-04-17,7,82,30
2026-04-17,8,83,25
2026-04-17,9,73,20
2026-04-17,10,66,15
2026-04-18,1,185,30
2026-04-18,2,39,25
2026-04-18,3,280,40
2026-04-18,4,0,20
2026-04-18,5,227,35
2026-04-18,6,140,50
2026-04-18,7,70,30
2026-04-18,8,77,25
2026-04-18,9,62,20
2026-04-18,10,56,15
2026-04-19,1,177,30
2026-04-19,2,33,25
2026-04-19,3,273,40
2026-04-19,4,0,20
2026-04-19,5,224,35
2026-04-19,6,132,50
2026-04-19,7,64,30
2026-04-19,8,73,25
2026-04-19,9,53,20
2026-04-19,10,47,15
2026-04-20,1,171,30
2026-04-20,2,102,25
2026-04-20,3,261,40
2026-04-20,4,0,20
2026-04-20,5,219,35
2026-04-20,6,125,50
2026-04-20,7,59,30
2026-04-20,8,69,25
2026-04-20,9,50,20
2026-04-20,10,43,15
2026-04-21,1,163,30
2026-04-21,2,97,25
2026-04-21,3,248,40
2026-04-21,4,0,20
2026-04-21,5,213,35
2026-04-21,6,114,50
2026-04-21,7,53,30
2026-04-21,8,61,25
2026-04-21,9,43,20
2026-04-21,10,39,15
2026-04-22,1,155,30
2026-04-22,2,89,25
2026-04-22,3,235,40
2026-04-22,4,0,20
2026-04-22,5,206,35
2026-04-22,6,107,50
2026-04-22,7,47,30
2026-04-22,8,53,25
2026-04-22,9,37,20
2026-04-22,10,33,15
2026-04-23,1,148,30
2026-04-23,2,82,25
2026-04-23,3,225,40
2026-04-23,4,0,20
2026-04-23,5,202,35
2026-04-23,6,102,50
2026-04-23,7,38,30
2026-04-23,8,43,25
2026-04-23,9,32,20
2026-04-23,10,27,15
2026-04-24,1,140,30
2026-04-24,2,77,25
2026-04-24,3,214,40
2026-04-24,4,0,20
2026-04-24,5,195,35
2026-04-24,6,91,50
2026-04-24,7,29,30
2026-04-24,8,36,25
2026-04-24,9,24,20
2026-04-24,10,19,15
2026-04-25,1,132,30
2026-04-25,2,68,25
2026-04-25,3,209,40
2026-04-25,4,100,20
2026-04-25,5,189,35
2026-04-25,6,76,50
2026-04-25,7,109,30
2026-04-25,8,127,25
2026-04-25,9,74,20
2026-04-25,10,10,15
2026-04-26,1,120,30
2026-04-26,2,61,25
2026-04-26,3,197,40
2026-04-26,4,92,20
2026-04-26,5,182,35
2026-04-26,6,68,50
2026-04-26,7,95,30
2026-04-26,8,120,25
2026-04-26,9,67,20
2026-04-26,10,0,15
2026-04-27,1,114,30
2026-04-27,2,54,25
2026-04-27,3,189,40
2026-04-27,4,80,20
2026-04-27,5,176,35
2026-04-27,6,62,50
2026-04-27,7,88,30
2026-04-27,8,115,25
2026-04-27,9,63,20
2026-04-27,10,0,15
2026-04-28,1,107,30
2026-04-28,2,47,25
2026-04-28,3,177,40
2026-04-28,4,71,20
2026-04-28,5,172,35
2026-04-28,6,250,50
2026-04-28,7,81,30
2026-04-28,8,108,25
2026-04-28,9,58,20
2026-04-28,10,0,15
2026-04-29,1,99,30
2026-04-29,2,44,25
2026-04-29,3,165,40
2026-04-29,4,62,20
2026-04-29,5,168,35
2026-04-29,6,241,50
2026-04-29,7,71,30
2026-04-29,8,101,25
2026-04-29,9,53,20
2026-04-29,10,60,15
2026-04-30,1,92,30
2026-04-30,2,38,25
2026-04-30,3,152,40
2026-04-30,4,54,20
2026-04-30,5,162,35
2026-04-30,6,233,50
2026-04-30,7,63,30
2026-04-30,8,92,25
2026-04-30,9,46,20
2026-04-30,10,52,15
2026-05-01,1,82,30
2026-05-01,2,154,25
2026-05-01,3,142,40
2026-05-01,4,45,20
2026-05-01,5,158,35
2026-05-01,6,218,50
2026-05-01,7,53,30
2026-05-01,8,85,25
2026-05-01,9,38,20
2026-05-01,10,46,15
2026-05-02,1,70,30
2026-05-02,2,147,25
2026-05-02,3,134,40
2026-05-02,4,34,20
2026-05-02,5,149,35
2026-05-02,6,209,50
2026-05-02,7,40,30
2026-05-02,8,76,25
2026-05-02,9,25,20
2026-05-02,10,39,15
2026-05-03,1,62,30
2026-05-03,2,138,25
2026-05-03,3,129,40
2026-05-03,4,25,20
2026-05-03,5,143,35
2026-05-03,6,202,50
2026-05-03,7,31,30
2026-05-03,8,69,25
2026-05-03,9,17,20
2026-05-03,10,32,15
2026-05-04,1,57,30
2026-05-04,2,131,25
2026-05-04,3,116,40
2026-05-04,4,17,20
2026-05-04,5,139,35
2026-05-04,6,195,50
2026-05-04,7,25,30
2026-05-04,8,62,25
2026-05-04,9,10,20
2026-05-04,10,28,15
2026-05-05,1,52,30
2026-05-05,2,128,25
2026-05-05,3,103,40
2026-05-05,4,5,20
2026-05-05,5,133,35
2026-05-05,6,185,50
2026-05-05,7,17,30
2026-05-05,8,55,25
2026-05-05,9,5,20
2026-05-05,10,24,15
2026-05-06,1,45,30
2026-05-06,2,122,25
2026-05-06,3,96,40
2026-05-06,4,0,20
2026-05-06,5,126,35
2026-05-06,6,180,50
2026-05-06,7,9,30
2026-05-06,8,49,25
2026-05-06,9,0,20
2026-05-06,10,17,15
2026-05-07,1,40,30
2026-05-07,2,114,25
2026-05-07,3,87,40
2026-05-07,4,0,20
2026-05-07,5,121,35
2026-05-07,6,173,50
2026-05-07,7,0,30
2026-05-07,8,41,25
2026-05-07,9,0,20
2026-05-07,10,13,15
2026-05-08,1,182,30
2026-05-08,2,107,25
2026-05-08,3,79,40
2026-05-08,4,100,20
2026-05-08,5,114,35
2026-05-08,6,166,50
2026-05-08,7,90,30
2026-05-08,8,37,25
2026-05-08,9,120,20
2026-05-08,10,5,15
2026-05-09,1,173,30
2026-05-09,2,97,25
2026-05-09,3,70,40
2026-05-09,4,90,20
2026-05-09,5,106,35
2026-05-09,6,158,50
2026-05-09,7,81,30
2026-05-09,8,103,25
2026-05-09,9,108,20
2026-05-09,10,0,15
2026-05-10,1,161,30
2026-05-10,2,89,25
2026-05-10,3,65,40
2026-05-10,4,82,20
2026-05-10,5,102,35
2026-05-10,6,149,50
2026-05-10,7,72,30
2026-05-10,8,96,25
2026-05-10,9,97,20
2026-05-10,10,0,15
2026-05-11,1,153,30
2026-05-11,2,83,25
2026-05-11,3,55,40
2026-05-11,4,75,20
2026-05-11,5,99,35
2026-05-11,6,142,50
2026-05-11,7,65,30
2026-05-11,8,88,25
2026-05-11,9,92,20
2026-05-11,10,0,15
2026-05-12,1,147,30
2026-05-12,2,76,25
2026-05-12,3,204,40
2026-05-12,4,66,20
2026-05-12,5,95,35
2026-05-12,6,136,50
2026-05-12,7,58,30
2026-05-12,8,81,25
2026-05-12,9,88,20
2026-05-12,10,90,15
2026-05-13,1,142,30
2026-05-13,2,69,25
2026-05-13,3,196,40
2026-05-13,4,58,20
2026-05-13,5,88,35
2026-05-13,6,126,50
2026-05-13,7,51,30
2026-05-13,8,78,25
2026-05-13,9,81,20
2026-05-13,10,84,15
2026-05-14,1,134,30
2026-05-14,2,64,25
2026-05-14,3,189,40
2026-05-14,4,49,20
2026-05-14,5,78,35
2026-05-14,6,115,50
2026-05-14,7,43,30
2026-05-14,8,74,25
2026-05-14,9,75,20
2026-05-14,10,77,15
2026-05-15,1,126,30
2026-05-15,2,58,25
2026-05-15,3,181,40
2026-05-15,4,41,20
2026-05-15,5,70,35
2026-05-15,6,103,50
2026-05-15,7,30,30
2026-05-15,8,67,25
2026-05-15,9,65,20
2026-05-15,10,69,15
2026-05-16,1,116,30
2026-05-16,2,48,25
2026-05-16,3,173,40
2026-05-16,4,35,20
2026-05-16,5,64,35
2026-05-16,6,93,50
2026-05-16,7,18,30
2026-05-16,8,58,25
2026-05-16,9,58,20
2026-05-16,10,59,15
2026-05-17,1,108,30
2026-05-17,2,42,25
2026-05-17,3,165,40
2026-05-17,4,28,20
2026-05-17,5,56,35
2026-05-17,6,82,50
2026-05-17,7,8,30
2026-05-17,8,52,25
2026-05-17,9,50,20
2026-05-17,10,50,15
2026-05-18,1,102,30
2026-05-18,2,36,25
2026-05-18,3,152,40
2026-05-18,4,20,20
2026-05-18,5,51,35
2026-05-18,6,78,50
2026-05-18,7,0,30
2026-05-18,8,45,25
2026-05-18,9,48,20
2026-05-18,10,45,15
2026-05-19,1,98,30
2026-05-19,2,105,25
2026-05-19,3,141,40
2026-05-19,4,10,20
2026-05-19,5,48,35
2026-05-19,6,69,50
2026-05-19,7,0,30
2026-05-19,8,38,25
2026-05-19,9,44,20
2026-05-19,10,42,15
2026-05-20,1,88,30
2026-05-20,2,99,25
2026-05-20,3,131,40
2026-05-20,4,1,20
2026-05-20,5,45,35
2026-05-20,6,209,50
2026-05-20,7,0,30
2026-05-20,8,178,25
2026-05-20,9,30,20
2026-05-20,10,35,15
2026-05-21,1,78,30
2026-05-21,2,90,25
2026-05-21,3,122,40
2026-05-21,4,80,20
2026-05-21,5,248,35
2026-05-21,6,200,50
2026-05-21,7,90,30
2026-05-21,8,171,25
2026-05-21,9,18,20
2026-05-21,10,27,15
2026-05-22,1,66,30
2026-05-22,2,83,25
2026-05-22,3,111,40
2026-05-22,4,72,20
2026-05-22,5,241,35
2026-05-22,6,194,50
2026-05-22,7,79,30
2026-05-22,8,160,25
2026-05-22,9,81,20
2026-05-22,10,18,15
2026-05-23,1,51,30
2026-05-23,2,75,25
2026-05-23,3,105,40
2026-05-23,4,63,20
2026-05-23,5,232,35
2026-05-23,6,184,50
2026-05-23,7,73,30
2026-05-23,8,151,25
2026-05-23,9,58,20
2026-05-23,10,5,15
2026-05-24,1,39,30
2026-05-24,2,70,25
2026-05-24,3,97,40
2026-05-24,4,56,20
2026-05-24,5,224,35
2026-05-24,6,176,50
2026-05-24,7,61,30
2026-05-24,8,145,25
2026-05-24,9,37,20
2026-05-24,10,0,15
2026-05-25,1,209,30
2026-05-25,2,65,25
2026-05-25,3,85,40
2026-05-25,4,45,20
2026-05-25,5,219,35
2026-05-25,6,169,50
2026-05-25,7,52,30
2026-05-25,8,138,25
2026-05-25,9,26,20
2026-05-25,10,75,15
2026-05-26,1,196,30
2026-05-26,2,59,25
2026-05-26,3,74,40
2026-05-26,4,36,20
2026-05-26,5,213,35
2026-05-26,6,159,50
2026-05-26,7,46,30
2026-05-26,8,133,25
2026-05-26,9,17,20
2026-05-26,10,71,15
2026-05-27,1,188,30
2026-05-27,2,55,25
2026-05-27,3,65,40
2026-05-27,4,25,20
2026-05-27,5,207,35
2026-05-27,6,152,50
2026-05-27,7,34,30
2026-05-27,8,125,25
2026-05-27,9,6,20
2026-05-27,10,64,15
2026-05-28,1,179,30
2026-05-28,2,49,25
2026-05-28,3,56,40
2026-05-28,4,14,20
2026-05-28,5,199,35
2026-05-28,6,144,50
2026-05-28,7,28,30
2026-05-28,8,116,25
2026-05-28,9,0,20
2026-05-28,10,57,15
2026-05-29,1,168,30
2026-05-29,2,41,25
2026-05-29,3,207,40
2026-05-29,4,5,20
2026-05-29,5,190,35
2026-05-29,6,131,50
2026-05-29,7,18,30
2026-05-29,8,107,25
2026-05-29,9,0,20
2026-05-29,10,42,15
2026-05-30,1,153,30
2026-05-30,2,33,25
2026-05-30,3,200,40
2026-05-30,4,0,20
2026-05-30,5,181,35
2026-05-30,6,122,50
2026-05-30,7,8,30
2026-05-30,8,97,25
2026-05-30,9,0,20
2026-05-30,10,30,15
2026-05-31,1,137,30
2026-05-31,2,150,25
2026-05-31,3,191,40
2026-05-31,4,0,20
2026-05-31,5,177,35
2026-05-31,6,111,50
2026-05-31,7,0,30
2026-05-31,8,89,25
2026-05-31,9,0,20
2026-05-31,10,18,15
2026-06-01,1,131,30
2026-06-01,2,146,25
2026-06-01,3,180,40
2026-06-01,4,0,20
2026-06-01,5,170,35
2026-06-01,6,103,50
2026-06-01,7,0,30
2026-06-01,8,82,25
2026-06-01,9,0,20
2026-06-01,10,14,15
2026-06-02,1,119,30
2026-06-02,2,139,25
2026-06-02,3,169,40
2026-06-02,4,0,20
2026-06-02,5,166,35
2026-06-02,6,96,50
2026-06-02,7,0,30
2026-06-02,8,77,25
2026-06-02,9,0,20
2026-06-02,10,9,15
2026-06-03,1,112,30
2026-06-03,2,132,25
2026-06-03,3,160,40
2026-06-03,4,120,20
2026-06-03,5,160,35
2026-06-03,6,86,50
2026-06-03,7,150,30
2026-06-03,8,69,25
2026-06-03,9,0,20
2026-06-03,10,4,15
2026-06-04,1,107,30
2026-06-04,2,129,25
2026-06-04,3,152,40
2026-06-04,4,111,20
2026-06-04,5,153,35
2026-06-04,6,77,50
2026-06-04,7,141,30
2026-06-04,8,67,25
2026-06-04,9,60,20
2026-06-04,10,0,15
2026-06-05,1,97,30
2026-06-05,2,123,25
2026-06-05,3,142,40
2026-06-05,4,101,20
2026-06-05,5,145,35
2026-06-05,6,69,50
2026-06-05,7,132,30
2026-06-05,8,59,25
2026-06-05,9,22,20
2026-06-05,10,0,15
2026-06-06,1,88,30
2026-06-06,2,114,25
2026-06-06,3,133,40
2026-06-06,4,95,20
2026-06-06,5,138,35
2026-06-06,6,359,50
2026-06-06,7,120,30
2026-06-06,8,54,25
2026-06-06,9,0,20
2026-06-06,10,0,15
2026-06-07,1,75,30
2026-06-07,2,108,25
2026-06-07,3,125,40
2026-06-07,4,88,20
2026-06-07,5,132,35
2026-06-07,6,351,50
2026-06-07,7,110,30
2026-06-07,8,50,25
2026-06-07,9,0,20
2026-06-07,10,75,15
2026-06-08,1,67,30
2026-06-08,2,101,25
2026-06-08,3,110,40
2026-06-08,4,78,20
2026-06-08,5,127,35
2026-06-08,6,344,50
2026-06-08,7,105,30
2026-06-08,8,45,25
2026-06-08,9,0,20
2026-06-08,10,69,15
2026-06-09,1,59,30
2026-06-09,2,95,25
2026-06-09,3,96,40
2026-06-09,4,74,20
2026-06-09,5,122,35
2026-06-09,6,337,50
2026-06-09,7,98,30
2026-06-09,8,40,25
2026-06-09,9,0,20
2026-06-09,10,65,15
2026-06-10,1,53,30
2026-06-10,2,91,25
2026-06-10,3,85,40
2026-06-10,4,0,20
2026-06-10,5,116,35
2026-06-10,6,329,50
2026-06-10,7,90,30
2026-06-10,8,36,25
2026-06-10,9,0,20
2026-06-10,10,58,15
2026-06-11,1,46,30
2026-06-11,2,85,25
2026-06-11,3,75,40
2026-06-11,4,0,20
2026-06-11,5,108,35
2026-06-11,6,322,50
2026-06-11,7,82,30
2026-06-11,8,178,25
2026-06-11,9,0,20
2026-06-11,10,54,15
2026-06-12,1,38,30
2026-06-12,2,80,25
2026-06-12,3,66,40
2026-06-12,4,0,20
2026-06-12,5,102,35
2026-06-12,6,310,50
2026-06-12,7,0,30
2026-06-12,8,170,25
2026-06-12,9,0,20
2026-06-12,10,48,15
2026-06-13,1,150,30
2026-06-13,2,73,25
2026-06-13,3,61,40
2026-06-13,4,0,20
2026-06-13,5,95,35
2026-06-13,6,296,50
2026-06-13,7,0,30
2026-06-13,8,164,25
2026-06-13,9,0,20
2026-06-13,10,39,15
2026-06-14,1,140,30
2026-06-14,2,66,25
2026-06-14,3,55,40
2026-06-14,4,0,20
2026-06-14,5,88,35
2026-06-14,6,284,50
2026-06-14,7,0,30
2026-06-14,8,154,25
2026-06-14,9,0,20
2026-06-14,10,33,15
