date,channel,campaign,ad_spend,clicks,conversions,ROAS
2025-06-15,Google,Google 통합 캠페인,42802.340000000004,538,33,2789.64
2025-06-15,Instagram,Instagram 통합 캠페인,26525.51,241,22,4252.68
2025-06-15,Meta,Meta 통합 캠페인,31742.739999999998,301,16,1921.82
2025-06-15,Naver,Naver 통합 캠페인,35662.99,363,31,3484.07
2025-06-16,Google,Google 통합 캠페인,27152.9,290,23,2298.56
2025-06-16,Instagram,Instagram 통합 캠페인,16391.81,139,10,2659.7
2025-06-16,Meta,Meta 통합 캠페인,18968.54,174,10,1550.62
2025-06-16,Naver,Naver 통합 캠페인,23805.18,247,13,1529.44
2025-06-17,Google,Google 통합 캠페인,32412.84,365,32,3061.15
2025-06-17,Instagram,Instagram 통합 캠페인,19816.9,215,21,4764.83
2025-06-17,Meta,Meta 통합 캠페인,24771.12,241,22,2844.8
2025-06-17,Naver,Naver 통합 캠페인,28329.420000000002,281,18,1940.89
2025-06-18,Google,Google 통합 캠페인,40578.68,506,44,3733.95
2025-06-18,Instagram,Instagram 통합 캠페인,24373.62,222,13,2284.12
2025-06-18,Meta,Meta 통합 캠페인,27782.829999999998,256,15,2456.32
2025-06-18,Naver,Naver 통합 캠페인,35524.630000000005,407,20,1840.73
2025-06-19,Google,Google 통합 캠페인,37238.590000000004,467,40,3737.89
2025-06-19,Instagram,Instagram 통합 캠페인,22105.99,219,13,2723.48
2025-06-19,Meta,Meta 통합 캠페인,26701.38,275,21,2974.09
2025-06-19,Naver,Naver 통합 캠페인,33111.2,386,26,2384.29
2025-06-20,Google,Google 통합 캠페인,41134.18,475,41,3248.02
2025-06-20,Instagram,Instagram 통합 캠페인,26373.71,287,16,2628.5
2025-06-20,Meta,Meta 통합 캠페인,32032.800000000003,256,15,1387.78
2025-06-20,Naver,Naver 통합 캠페인,35384.8,381,36,3490.31
2025-06-21,Google,Google 통합 캠페인,47643.65,546,42,3024.94
2025-06-21,Instagram,Instagram 통합 캠페인,26296.04,229,8,1401.9
2025-06-21,Meta,Meta 통합 캠페인,34231.67,308,19,1914.91
2025-06-21,Naver,Naver 통합 캠페인,40466.51,444,48,4265.33
2025-06-22,Google,Google 통합 캠페인,39794.64,431,39,3315.52
2025-06-22,Instagram,Instagram 통합 캠페인,23746.5,186,16,2981.25
2025-06-22,Meta,Meta 통합 캠페인,28481.13,230,16,1938.95
2025-06-22,Naver,Naver 통합 캠페인,32740.29,332,21,2768.98
2025-06-23,Google,Google 통합 캠페인,30261.019999999997,384,19,2161.64
2025-06-23,Instagram,Instagram 통합 캠페인,19334.79,212,13,2684.41
2025-06-23,Meta,Meta 통합 캠페인,22358.11,195,13,2270.72
2025-06-23,Naver,Naver 통합 캠페인,28341.16,312,41,4910.83
2025-06-24,Google,Google 통합 캠페인,34721.0,371,20,1943.51
2025-06-24,Instagram,Instagram 통합 캠페인,22298.49,190,12,2399.18
2025-06-24,Meta,Meta 통합 캠페인,27035.739999999998,227,21,2899.76
2025-06-24,Naver,Naver 통합 캠페인,30501.239999999998,351,25,2766.89
2025-06-25,Google,Google 통합 캠페인,35072.36,416,35,2884.01
2025-06-25,Instagram,Instagram 통합 캠페인,21992.75,197,9,2359.25
2025-06-25,Meta,Meta 통합 캠페인,25089.4,251,15,1998.92
2025-06-25,Naver,Naver 통합 캠페인,29746.940000000002,328,21,2461.69
2025-06-26,Google,Google 통합 캠페인,39936.8,449,41,3811.69
2025-06-26,Instagram,Instagram 통합 캠페인,24257.92,228,18,3221.31
2025-06-26,Meta,Meta 통합 캠페인,29321.21,253,16,2248.68
2025-06-26,Naver,Naver 통합 캠페인,32885.72,398,27,2820.29
2025-06-27,Google,Google 통합 캠페인,38102.89,424,22,1796.01
2025-06-27,Instagram,Instagram 통합 캠페인,23837.41,217,17,2872.59
2025-06-27,Meta,Meta 통합 캠페인,28484.11,267,25,3466.1
2025-06-27,Naver,Naver 통합 캠페인,33247.83,316,27,2728.16
2025-06-28,Google,Google 통합 캠페인,44810.42,495,24,1654.51
2025-06-28,Instagram,Instagram 통합 캠페인,28201.39,235,15,2191.89
2025-06-28,Meta,Meta 통합 캠페인,32718.02,274,16,1745.15
2025-06-28,Naver,Naver 통합 캠페인,37414.85,376,37,3406.47
2025-06-29,Google,Google 통합 캠페인,36998.91,470,40,3322.14
2025-06-29,Instagram,Instagram 통합 캠페인,22760.510000000002,222,13,2304.77
2025-06-29,Meta,Meta 통합 캠페인,26742.27,225,19,2564.82
2025-06-29,Naver,Naver 통합 캠페인,32354.58,347,32,3445.61
2025-06-30,Google,Google 통합 캠페인,31818.36,365,23,1784.72
2025-06-30,Instagram,Instagram 통합 캠페인,19262.18,173,13,2893.95
2025-06-30,Meta,Meta 통합 캠페인,23845.56,174,16,2459.2
2025-06-30,Naver,Naver 통합 캠페인,28645.4,303,22,2431.13
2025-07-01,Google,Google 통합 캠페인,36793.86,463,33,3132.91
2025-07-01,Instagram,Instagram 통합 캠페인,23559.07,213,18,3519.76
2025-07-01,Meta,Meta 통합 캠페인,27378.379999999997,243,15,1837.17
2025-07-01,Naver,Naver 통합 캠페인,33197.72,402,23,2404.86
2025-07-02,Google,Google 통합 캠페인,34839.39,389,21,1886.21
2025-07-02,Instagram,Instagram 통합 캠페인,20805.1,214,23,5237.13
2025-07-02,Meta,Meta 통합 캠페인,23771.4,213,14,2385.88
2025-07-02,Naver,Naver 통합 캠페인,30214.3,385,33,3680.04
2025-07-03,Google,Google 통합 캠페인,35719.15,427,27,1925.43
2025-07-03,Instagram,Instagram 통합 캠페인,21864.28,171,8,1299.27
2025-07-03,Meta,Meta 통합 캠페인,26288.3,236,18,2096.79
2025-07-03,Naver,Naver 통합 캠페인,30924.329999999998,364,25,2966.15
2025-07-04,Google,Google 통합 캠페인,42105.4,473,40,3317.81
2025-07-04,Instagram,Instagram 통합 캠페인,25799.69,274,29,4711.0
2025-07-04,Meta,Meta 통합 캠페인,28869.120000000003,271,19,2170.58
2025-07-04,Naver,Naver 통합 캠페인,35975.36,378,24,1906.35
2025-07-05,Google,Google 통합 캠페인,46060.57,540,41,3029.8
2025-07-05,Instagram,Instagram 통합 캠페인,29514.38,262,24,3315.73
2025-07-05,Meta,Meta 통합 캠페인,33365.73,303,25,2885.91
2025-07-05,Naver,Naver 통합 캠페인,40105.46,430,26,2460.54
2025-07-06,Google,Google 통합 캠페인,50420.8,641,42,3377.14
2025-07-06,Instagram,Instagram 통합 캠페인,31677.9,310,24,3506.97
2025-07-06,Meta,Meta 통합 캠페인,36265.02,319,16,1641.21
2025-07-06,Naver,Naver 통합 캠페인,41359.86,489,32,2724.73
2025-07-07,Google,Google 통합 캠페인,29642.03,364,23,1989.08
2025-07-07,Instagram,Instagram 통합 캠페인,19557.93,173,13,2413.93
2025-07-07,Meta,Meta 통합 캠페인,22489.98,172,14,2108.71
2025-07-07,Naver,Naver 통합 캠페인,28028.1,279,27,2748.66
2025-07-08,Google,Google 통합 캠페인,32194.26,402,40,4087.83
2025-07-08,Instagram,Instagram 통합 캠페인,19726.1,182,11,2514.5
2025-07-08,Meta,Meta 통합 캠페인,23844.36,214,14,2420.43
2025-07-08,Naver,Naver 통합 캠페인,27921.030000000002,322,16,1964.76
2025-07-09,Google,Google 통합 캠페인,33957.229999999996,398,29,2948.02
2025-07-09,Instagram,Instagram 통합 캠페인,20179.94,191,13,2786.73
2025-07-09,Meta,Meta 통합 캠페인,25251.99,225,13,2304.15
2025-07-09,Naver,Naver 통합 캠페인,29897.9,333,18,2081.41
2025-07-10,Google,Google 통합 캠페인,32364.05,356,28,2557.39
2025-07-10,Instagram,Instagram 통합 캠페인,20229.72,197,16,3354.25
2025-07-10,Meta,Meta 통합 캠페인,25164.46,250,21,3009.55
2025-07-10,Naver,Naver 통합 캠페인,28559.04,310,29,2923.32
2025-07-11,Google,Google 통합 캠페인,45744.59,508,41,3666.49
2025-07-11,Instagram,Instagram 통합 캠페인,28492.510000000002,251,20,3401.67
2025-07-11,Meta,Meta 통합 캠페인,31775.260000000002,280,22,2431.33
2025-07-11,Naver,Naver 통합 캠페인,36131.56,357,28,2907.14
2025-07-12,Google,Google 통합 캠페인,50259.88,543,45,3366.79
2025-07-12,Instagram,Instagram 통합 캠페인,32330.62,285,19,2544.14
2025-07-12,Meta,Meta 통합 캠페인,35016.64,298,29,3356.92
2025-07-12,Naver,Naver 통합 캠페인,43503.49,419,31,2796.61
2025-07-13,Google,Google 통합 캠페인,45454.54,536,49,3592.67
2025-07-13,Instagram,Instagram 통합 캠페인,28999.98,283,22,2882.57
2025-07-13,Meta,Meta 통합 캠페인,34059.43,313,20,2093.38
2025-07-13,Naver,Naver 통합 캠페인,38307.77,387,35,3179.46
2025-07-14,Google,Google 통합 캠페인,39735.369999999995,465,30,2604.89
2025-07-14,Instagram,Instagram 통합 캠페인,22191.09,202,18,3268.23
2025-07-14,Meta,Meta 통합 캠페인,26913.17,253,23,2819.69
2025-07-14,Naver,Naver 통합 캠페인,34483.34,366,37,3276.21
2025-07-15,Google,Google 통합 캠페인,35819.06,412,31,2965.26
2025-07-15,Instagram,Instagram 통합 캠페인,22294.24,191,13,2629.32
2025-07-15,Meta,Meta 통합 캠페인,25411.79,238,18,3100.91
2025-07-15,Naver,Naver 통합 캠페인,30538.760000000002,332,25,3324.01
2025-07-16,Google,Google 통합 캠페인,31662.14,399,27,2702.34
2025-07-16,Instagram,Instagram 통합 캠페인,19352.32,184,17,4228.5
2025-07-16,Meta,Meta 통합 캠페인,24059.28,230,12,1521.0
2025-07-16,Naver,Naver 통합 캠페인,29155.4,356,20,1806.61
2025-07-17,Google,Google 통합 캠페인,36391.45,446,30,2515.26
2025-07-17,Instagram,Instagram 통합 캠페인,21327.77,223,13,3142.16
2025-07-17,Meta,Meta 통합 캠페인,24858.170000000002,209,13,1618.45
2025-07-17,Naver,Naver 통합 캠페인,32188.2,371,36,3383.71
2025-07-18,Google,Google 통합 캠페인,37639.38,448,29,2729.65
2025-07-18,Instagram,Instagram 통합 캠페인,23114.329999999998,211,18,3046.86
2025-07-18,Meta,Meta 통합 캠페인,27406.99,260,21,2737.89
2025-07-18,Naver,Naver 통합 캠페인,33429.29,352,31,3329.51
2025-07-19,Google,Google 통합 캠페인,44788.9,510,46,4008.11
2025-07-19,Instagram,Instagram 통합 캠페인,27956.85,276,15,2318.45
2025-07-19,Meta,Meta 통합 캠페인,30778.67,279,20,2446.34
2025-07-19,Naver,Naver 통합 캠페인,37084.0,356,32,3509.55
2025-07-20,Google,Google 통합 캠페인,44390.49,509,37,2984.99
2025-07-20,Instagram,Instagram 통합 캠페인,27247.39,248,19,2949.05
2025-07-20,Meta,Meta 통합 캠페인,31837.66,291,22,2296.18
2025-07-20,Naver,Naver 통합 캠페인,36666.5,381,21,1905.42
2025-07-21,Google,Google 통합 캠페인,37179.6,429,38,3525.44
2025-07-21,Instagram,Instagram 통합 캠페인,21426.52,218,9,2002.75
2025-07-21,Meta,Meta 통합 캠페인,26860.65,264,27,3607.72
2025-07-21,Naver,Naver 통합 캠페인,32096.23,344,21,2127.63
2025-07-22,Google,Google 통합 캠페인,35305.09,378,30,3294.96
2025-07-22,Instagram,Instagram 통합 캠페인,21570.4,182,11,2341.84
2025-07-22,Meta,Meta 통합 캠페인,26640.69,244,19,2516.53
2025-07-22,Naver,Naver 통합 캠페인,31646.23,396,26,2915.41
2025-07-23,Google,Google 통합 캠페인,33512.96,348,24,1959.63
2025-07-23,Instagram,Instagram 통합 캠페인,21269.05,182,14,2997.49
2025-07-23,Meta,Meta 통합 캠페인,26001.69,276,27,3630.19
2025-07-23,Naver,Naver 통합 캠페인,29430.1,339,26,2176.73
2025-07-24,Google,Google 통합 캠페인,42591.46,508,37,2944.76
2025-07-24,Instagram,Instagram 통합 캠페인,26774.79,248,23,3855.84
2025-07-24,Meta,Meta 통합 캠페인,32141.71,349,25,3137.15
2025-07-24,Naver,Naver 통합 캠페인,37089.13,379,26,2491.13
2025-07-25,Google,Google 통합 캠페인,37892.96,427,30,2675.97
2025-07-25,Instagram,Instagram 통합 캠페인,22606.14,185,7,1648.01
2025-07-25,Meta,Meta 통합 캠페인,25771.09,245,19,2724.62
2025-07-25,Naver,Naver 통합 캠페인,31292.260000000002,310,18,2039.25
2025-07-26,Google,Google 통합 캠페인,53375.93,604,37,2737.69
2025-07-26,Instagram,Instagram 통합 캠페인,30418.239999999998,296,12,1849.3
2025-07-26,Meta,Meta 통합 캠페인,36928.82,328,22,2353.01
2025-07-26,Naver,Naver 통합 캠페인,42584.03,474,27,2052.48
2025-07-27,Google,Google 통합 캠페인,43851.2,481,35,2720.84
2025-07-27,Instagram,Instagram 통합 캠페인,27200.28,273,28,4637.78
2025-07-27,Meta,Meta 통합 캠페인,31639.4,281,13,1215.14
2025-07-27,Naver,Naver 통합 캠페인,35527.270000000004,365,22,2379.86
2025-07-28,Google,Google 통합 캠페인,35569.82,398,30,2534.62
2025-07-28,Instagram,Instagram 통합 캠페인,20478.7,214,19,4258.72
2025-07-28,Meta,Meta 통합 캠페인,25618.2,211,12,1108.4
2025-07-28,Naver,Naver 통합 캠페인,31016.77,324,21,2561.98
2025-07-29,Google,Google 통합 캠페인,31507.02,375,31,2814.73
2025-07-29,Instagram,Instagram 통합 캠페인,17414.149999999998,177,11,2919.11
2025-07-29,Meta,Meta 통합 캠페인,23783.0,219,15,1814.7
2025-07-29,Naver,Naver 통합 캠페인,27204.870000000003,313,28,3064.74
2025-07-30,Google,Google 통합 캠페인,37169.869999999995,414,33,2721.55
2025-07-30,Instagram,Instagram 통합 캠페인,23594.4,227,11,1516.38
2025-07-30,Meta,Meta 통합 캠페인,27645.61,238,14,1498.54
2025-07-30,Naver,Naver 통합 캠페인,31926.760000000002,372,35,3939.88
2025-07-31,Google,Google 통합 캠페인,34726.73,403,33,3058.15
2025-07-31,Instagram,Instagram 통합 캠페인,22132.34,219,16,2479.74
2025-07-31,Meta,Meta 통합 캠페인,25169.239999999998,203,14,1696.7
2025-07-31,Naver,Naver 통합 캠페인,29384.23,283,17,1846.78
2025-08-01,Google,Google 통합 캠페인,40249.07,463,31,3148.98
2025-08-01,Instagram,Instagram 통합 캠페인,24059.45,220,17,3271.6
2025-08-01,Meta,Meta 통합 캠페인,29118.350000000002,268,20,2650.51
2025-08-01,Naver,Naver 통합 캠페인,33681.39,336,21,2334.63
2025-08-02,Google,Google 통합 캠페인,58047.979999999996,610,54,3811.52
2025-08-02,Instagram,Instagram 통합 캠페인,34638.7,338,29,3605.92
2025-08-02,Meta,Meta 통합 캠페인,39625.159999999996,370,28,2822.26
2025-08-02,Naver,Naver 통합 캠페인,46783.22,535,40,3193.51
2025-08-03,Google,Google 통합 캠페인,42498.82,544,34,2520.98
2025-08-03,Instagram,Instagram 통합 캠페인,26495.79,205,16,2818.08
2025-08-03,Meta,Meta 통합 캠페인,29268.0,260,17,2181.42
2025-08-03,Naver,Naver 통합 캠페인,34727.68,360,28,2955.45
2025-08-04,Google,Google 통합 캠페인,33014.46,363,23,1802.55
2025-08-04,Instagram,Instagram 통합 캠페인,21688.68,218,17,3473.2
2025-08-04,Meta,Meta 통합 캠페인,25165.68,252,16,2153.75
2025-08-04,Naver,Naver 통합 캠페인,29680.4,316,22,2588.31
2025-08-05,Google,Google 통합 캠페인,34156.84,390,28,2641.27
2025-08-05,Instagram,Instagram 통합 캠페인,21326.98,243,26,5086.18
2025-08-05,Meta,Meta 통합 캠페인,24990.89,241,28,4240.61
2025-08-05,Naver,Naver 통합 캠페인,30762.94,318,27,3031.09
2025-08-06,Google,Google 통합 캠페인,35668.18,391,31,3008.98
2025-08-06,Instagram,Instagram 통합 캠페인,21083.6,196,14,2997.83
2025-08-06,Meta,Meta 통합 캠페인,26220.37,229,22,2931.22
2025-08-06,Naver,Naver 통합 캠페인,30937.83,342,26,2732.21
2025-08-07,Google,Google 통합 캠페인,41890.45,508,37,3201.91
2025-08-07,Instagram,Instagram 통합 캠페인,26244.73,283,19,3890.42
2025-08-07,Meta,Meta 통합 캠페인,29909.11,270,19,2106.54
2025-08-07,Naver,Naver 통합 캠페인,35737.21,383,24,2606.84
2025-08-08,Google,Google 통합 캠페인,44531.36,519,40,2528.4
2025-08-08,Instagram,Instagram 통합 캠페인,26532.78,235,22,4354.13
2025-08-08,Meta,Meta 통합 캠페인,30636.05,303,25,2946.22
2025-08-08,Naver,Naver 통합 캠페인,36670.63,368,32,3516.36
2025-08-09,Google,Google 통합 캠페인,47154.71,561,39,2770.97
2025-08-09,Instagram,Instagram 통합 캠페인,28289.690000000002,242,19,2915.45
2025-08-09,Meta,Meta 통합 캠페인,32497.78,323,30,4077.07
2025-08-09,Naver,Naver 통합 캠페인,40396.1,456,34,3388.01
2025-08-10,Google,Google 통합 캠페인,54768.44,620,47,3762.09
2025-08-10,Instagram,Instagram 통합 캠페인,31816.5,281,15,2333.0
2025-08-10,Meta,Meta 통합 캠페인,38365.71,307,21,2136.47
2025-08-10,Naver,Naver 통합 캠페인,43400.96,507,34,2745.55
2025-08-11,Google,Google 통합 캠페인,34313.270000000004,413,32,3217.9
2025-08-11,Instagram,Instagram 통합 캠페인,19726.72,199,13,3011.13
2025-08-11,Meta,Meta 통합 캠페인,24920.7,233,22,3445.04
2025-08-11,Naver,Naver 통합 캠페인,32171.86,334,29,2857.26
2025-08-12,Google,Google 통합 캠페인,37141.25,428,30,2399.14
2025-08-12,Instagram,Instagram 통합 캠페인,22955.06,205,12,2341.31
2025-08-12,Meta,Meta 통합 캠페인,25531.629999999997,234,12,2028.85
2025-08-12,Naver,Naver 통합 캠페인,33186.55,368,35,3404.08
2025-08-13,Google,Google 통합 캠페인,39169.99,471,40,3626.69
2025-08-13,Instagram,Instagram 통합 캠페인,22956.27,219,10,1955.05
2025-08-13,Meta,Meta 통합 캠페인,27995.32,243,25,2992.7
2025-08-13,Naver,Naver 통합 캠페인,32405.58,365,16,2189.26
2025-08-14,Google,Google 통합 캠페인,39035.76,424,40,3838.11
2025-08-14,Instagram,Instagram 통합 캠페인,24442.54,220,20,3815.8
2025-08-14,Meta,Meta 통합 캠페인,29534.15,255,22,2493.58
2025-08-14,Naver,Naver 통합 캠페인,34384.22,311,19,1887.43
2025-08-15,Google,Google 통합 캠페인,41379.95,516,46,3527.79
2025-08-15,Instagram,Instagram 통합 캠페인,24600.28,214,11,2210.85
2025-08-15,Meta,Meta 통합 캠페인,29179.54,262,21,2598.47
2025-08-15,Naver,Naver 통합 캠페인,34136.14,379,35,3192.23
2025-08-16,Google,Google 통합 캠페인,43624.49,467,33,2882.26
2025-08-16,Instagram,Instagram 통합 캠페인,26778.2,262,16,2984.47
2025-08-16,Meta,Meta 통합 캠페인,32999.72,280,19,2356.26
2025-08-16,Naver,Naver 통합 캠페인,37455.43,444,28,2795.93
2025-08-17,Google,Google 통합 캠페인,44255.67,569,45,3956.07
2025-08-17,Instagram,Instagram 통합 캠페인,28255.61,245,22,3842.82
2025-08-17,Meta,Meta 통합 캠페인,31914.72,284,23,3496.16
2025-08-17,Naver,Naver 통합 캠페인,37579.57,390,35,4130.35
2025-08-18,Google,Google 통합 캠페인,38635.54,485,32,2549.31
2025-08-18,Instagram,Instagram 통합 캠페인,22712.6,220,18,3687.42
2025-08-18,Meta,Meta 통합 캠페인,26331.899999999998,209,14,2069.91
2025-08-18,Naver,Naver 통합 캠페인,33366.46,325,23,2016.52
2025-08-19,Google,Google 통합 캠페인,34880.13,429,38,3773.5
2025-08-19,Instagram,Instagram 통합 캠페인,21567.51,200,13,3162.82
2025-08-19,Meta,Meta 통합 캠페인,25279.45,202,14,2359.92
2025-08-19,Naver,Naver 통합 캠페인,30750.42,289,21,2220.47
2025-08-20,Google,Google 통합 캠페인,35711.21,413,33,2440.53
2025-08-20,Instagram,Instagram 통합 캠페인,22460.559999999998,220,9,2056.15
2025-08-20,Meta,Meta 통합 캠페인,25850.02,231,11,1992.97
2025-08-20,Naver,Naver 통합 캠페인,30851.39,387,27,2788.01
2025-08-21,Google,Google 통합 캠페인,44495.86,527,29,2855.26
2025-08-21,Instagram,Instagram 통합 캠페인,25319.39,245,18,3312.03
2025-08-21,Meta,Meta 통합 캠페인,30551.260000000002,270,26,3649.77
2025-08-21,Naver,Naver 통합 캠페인,35994.44,337,22,2358.21
2025-08-22,Google,Google 통합 캠페인,46055.89,546,33,2736.49
2025-08-22,Instagram,Instagram 통합 캠페인,27225.5,276,10,1235.17
2025-08-22,Meta,Meta 통합 캠페인,32125.010000000002,294,20,1975.55
2025-08-22,Naver,Naver 통합 캠페인,39909.28,405,22,1815.56
2025-08-23,Google,Google 통합 캠페인,49713.3,557,46,3972.49
2025-08-23,Instagram,Instagram 통합 캠페인,29425.559999999998,279,19,2873.29
2025-08-23,Meta,Meta 통합 캠페인,37373.770000000004,343,32,3364.73
2025-08-23,Naver,Naver 통합 캠페인,41612.22,408,33,3087.71
2025-08-24,Google,Google 통합 캠페인,39620.3,495,39,3324.44
2025-08-24,Instagram,Instagram 통합 캠페인,25022.05,224,13,2309.67
2025-08-24,Meta,Meta 통합 캠페인,28721.09,246,27,4177.88
2025-08-24,Naver,Naver 통합 캠페인,35718.93,344,32,3568.86
2025-08-25,Google,Google 통합 캠페인,33276.54,376,30,2910.91
2025-08-25,Instagram,Instagram 통합 캠페인,22128.41,194,15,2911.5
2025-08-25,Meta,Meta 통합 캠페인,24467.44,230,21,3463.64
2025-08-25,Naver,Naver 통합 캠페인,31569.739999999998,367,22,2337.35
2025-08-26,Google,Google 통합 캠페인,28009.5,303,17,1938.06
2025-08-26,Instagram,Instagram 통합 캠페인,17950.26,179,12,2693.64
2025-08-26,Meta,Meta 통합 캠페인,20268.82,204,13,2059.26
2025-08-26,Naver,Naver 통합 캠페인,24565.22,264,17,2678.33
2025-08-27,Google,Google 통합 캠페인,37181.31,406,36,2889.86
2025-08-27,Instagram,Instagram 통합 캠페인,23871.350000000002,220,18,3419.07
2025-08-27,Meta,Meta 통합 캠페인,27745.29,267,18,2173.06
2025-08-27,Naver,Naver 통합 캠페인,32931.35,405,29,2938.19
2025-08-28,Google,Google 통합 캠페인,42063.46,472,32,2674.6
2025-08-28,Instagram,Instagram 통합 캠페인,25273.53,227,13,2352.61
2025-08-28,Meta,Meta 통합 캠페인,30791.34,288,27,3445.22
2025-08-28,Naver,Naver 통합 캠페인,36182.44,373,31,3049.23
2025-08-29,Google,Google 통합 캠페인,37853.520000000004,422,33,2479.71
2025-08-29,Instagram,Instagram 통합 캠페인,24807.89,210,10,1245.78
2025-08-29,Meta,Meta 통합 캠페인,27985.329999999998,257,29,3295.15
2025-08-29,Naver,Naver 통합 캠페인,34958.18,351,24,2079.16
2025-08-30,Google,Google 통합 캠페인,47108.64,566,44,3789.66
2025-08-30,Instagram,Instagram 통합 캠페인,28968.39,239,11,1969.13
2025-08-30,Meta,Meta 통합 캠페인,33495.99,290,14,1468.51
2025-08-30,Naver,Naver 통합 캠페인,38480.81,375,19,2225.05
2025-08-31,Google,Google 통합 캠페인,46987.27,565,51,4208.03
2025-08-31,Instagram,Instagram 통합 캠페인,29363.739999999998,341,26,3857.2
2025-08-31,Meta,Meta 통합 캠페인,32827.979999999996,293,20,2325.67
2025-08-31,Naver,Naver 통합 캠페인,38852.34,384,32,3464.55
2025-09-01,Google,Google 통합 캠페인,30033.79,356,19,2079.08
2025-09-01,Instagram,Instagram 통합 캠페인,19225.8,182,14,2869.88
2025-09-01,Meta,Meta 통합 캠페인,24236.51,200,9,1564.06
2025-09-01,Naver,Naver 통합 캠페인,27602.399999999998,310,26,2881.35
2025-09-02,Google,Google 통합 캠페인,38427.81,466,30,2294.01
2025-09-02,Instagram,Instagram 통합 캠페인,25169.02,250,20,2976.32
2025-09-02,Meta,Meta 통합 캠페인,28437.27,279,25,2633.73
2025-09-02,Naver,Naver 통합 캠페인,35072.87,297,16,1335.06
2025-09-03,Google,Google 통합 캠페인,28632.27,350,26,2438.83
2025-09-03,Instagram,Instagram 통합 캠페인,18461.17,155,16,3691.59
2025-09-03,Meta,Meta 통합 캠페인,20728.04,179,13,2205.38
2025-09-03,Naver,Naver 통합 캠페인,25272.75,215,24,3073.84
2025-09-04,Google,Google 통합 캠페인,38974.68,437,40,3020.05
2025-09-04,Instagram,Instagram 통합 캠페인,24399.190000000002,206,13,1952.79
2025-09-04,Meta,Meta 통합 캠페인,28695.18,287,22,3057.73
2025-09-04,Naver,Naver 통합 캠페인,31564.629999999997,325,20,2260.1
2025-09-05,Google,Google 통합 캠페인,42943.72,496,38,2731.98
2025-09-05,Instagram,Instagram 통합 캠페인,26389.66,253,23,3930.64
2025-09-05,Meta,Meta 통합 캠페인,32725.8,296,14,1383.38
2025-09-05,Naver,Naver 통합 캠페인,35599.01,430,30,3209.4
2025-09-06,Google,Google 통합 캠페인,41658.74,455,27,2370.43
2025-09-06,Instagram,Instagram 통합 캠페인,26420.27,232,16,2914.1
2025-09-06,Meta,Meta 통합 캠페인,31426.43,285,17,1955.15
2025-09-06,Naver,Naver 통합 캠페인,36267.47,356,23,2015.21
2025-09-07,Google,Google 통합 캠페인,41545.17,505,38,2990.68
2025-09-07,Instagram,Instagram 통합 캠페인,27580.97,251,18,3129.41
2025-09-07,Meta,Meta 통합 캠페인,33039.11,301,29,3257.31
2025-09-07,Naver,Naver 통합 캠페인,37494.22,385,26,2151.19
2025-09-08,Google,Google 통합 캠페인,33035.59,404,24,2107.37
2025-09-08,Instagram,Instagram 통합 캠페인,19171.15,169,8,2004.09
2025-09-08,Meta,Meta 통합 캠페인,25957.73,264,24,2765.11
2025-09-08,Naver,Naver 통합 캠페인,28809.15,293,19,2090.3
2025-09-09,Google,Google 통합 캠페인,32107.35,362,20,1700.86
2025-09-09,Instagram,Instagram 통합 캠페인,20573.36,212,12,2691.65
2025-09-09,Meta,Meta 통합 캠페인,23609.14,213,15,2360.26
2025-09-09,Naver,Naver 통합 캠페인,26873.02,289,20,2072.47
2025-09-10,Google,Google 통합 캠페인,34834.28,415,31,2710.13
2025-09-10,Instagram,Instagram 통합 캠페인,21341.03,167,14,2964.57
2025-09-10,Meta,Meta 통합 캠페인,26289.4,216,16,2300.25
2025-09-10,Naver,Naver 통합 캠페인,30225.2,307,23,2661.21
2025-09-11,Google,Google 통합 캠페인,36231.71,508,40,3112.51
2025-09-11,Instagram,Instagram 통합 캠페인,24568.62,254,23,4686.41
2025-09-11,Meta,Meta 통합 캠페인,29579.63,261,15,1910.24
2025-09-11,Naver,Naver 통합 캠페인,32487.68,368,25,2534.87
2025-09-12,Google,Google 통합 캠페인,37783.59,481,30,2393.21
2025-09-12,Instagram,Instagram 통합 캠페인,23767.23,239,16,3634.17
2025-09-12,Meta,Meta 통합 캠페인,28381.03,260,16,2050.3
2025-09-12,Naver,Naver 통합 캠페인,32538.0,358,25,2621.14
2025-09-13,Google,Google 통합 캠페인,40563.94,468,33,2792.92
2025-09-13,Instagram,Instagram 통합 캠페인,26852.19,235,22,3719.72
2025-09-13,Meta,Meta 통합 캠페인,31202.670000000002,261,16,1684.36
2025-09-13,Naver,Naver 통합 캠페인,37361.32,384,25,2003.83
2025-09-14,Google,Google 통합 캠페인,44325.43,477,51,4093.86
2025-09-14,Instagram,Instagram 통합 캠페인,27530.129999999997,286,23,4167.49
2025-09-14,Meta,Meta 통합 캠페인,33710.71,305,23,2490.16
2025-09-14,Naver,Naver 통합 캠페인,36274.159999999996,388,29,2701.65
2025-09-15,Google,Google 통합 캠페인,30337.87,363,27,2679.73
2025-09-15,Instagram,Instagram 통합 캠페인,19158.989999999998,158,10,2264.66
2025-09-15,Meta,Meta 통합 캠페인,22978.87,203,14,1758.98
2025-09-15,Naver,Naver 통합 캠페인,28440.06,295,21,2549.96
2025-09-16,Google,Google 통합 캠페인,30736.239999999998,349,32,3116.49
2025-09-16,Instagram,Instagram 통합 캠페인,18880.8,160,12,2631.62
2025-09-16,Meta,Meta 통합 캠페인,22218.16,190,10,1560.57
2025-09-16,Naver,Naver 통합 캠페인,27328.15,316,20,2754.88
2025-09-17,Google,Google 통합 캠페인,28759.97,320,19,2053.29
2025-09-17,Instagram,Instagram 통합 캠페인,20907.98,232,18,3354.15
2025-09-17,Meta,Meta 통합 캠페인,23892.33,237,23,2818.8
2025-09-17,Naver,Naver 통합 캠페인,29406.15,290,17,1476.51
2025-09-18,Google,Google 통합 캠페인,36331.25,427,33,2869.49
2025-09-18,Instagram,Instagram 통합 캠페인,22912.260000000002,195,12,2885.6
2025-09-18,Meta,Meta 통합 캠페인,27537.18,232,15,1621.25
2025-09-18,Naver,Naver 통합 캠페인,31142.83,346,30,3034.76
2025-09-19,Google,Google 통합 캠페인,41788.8,548,37,3418.76
2025-09-19,Instagram,Instagram 통합 캠페인,24058.739999999998,251,17,3076.59
2025-09-19,Meta,Meta 통합 캠페인,30514.37,270,20,2092.05
2025-09-19,Naver,Naver 통합 캠페인,35040.57,407,30,3104.68
2025-09-20,Google,Google 통합 캠페인,45331.41,517,41,3076.9
2025-09-20,Instagram,Instagram 통합 캠페인,27906.6,232,16,2885.17
2025-09-20,Meta,Meta 통합 캠페인,35119.37,279,13,1507.14
2025-09-20,Naver,Naver 통합 캠페인,38905.47,440,31,3230.31
2025-09-21,Google,Google 통합 캠페인,36708.72,463,27,2137.35
2025-09-21,Instagram,Instagram 통합 캠페인,22816.72,212,10,1941.57
2025-09-21,Meta,Meta 통합 캠페인,27567.370000000003,272,15,1775.27
2025-09-21,Naver,Naver 통합 캠페인,30132.87,339,25,2884.17
2025-09-22,Google,Google 통합 캠페인,31299.69,349,17,1655.29
2025-09-22,Instagram,Instagram 통합 캠페인,18030.35,150,6,1252.51
2025-09-22,Meta,Meta 통합 캠페인,22591.55,205,19,2933.22
2025-09-22,Naver,Naver 통합 캠페인,27876.75,310,22,2426.64
2025-09-23,Google,Google 통합 캠페인,35620.229999999996,449,31,2938.73
2025-09-23,Instagram,Instagram 통합 캠페인,21539.88,211,12,2600.1
2025-09-23,Meta,Meta 통합 캠페인,27930.84,264,23,2511.55
2025-09-23,Naver,Naver 통합 캠페인,32229.260000000002,327,23,2331.28
2025-09-24,Google,Google 통합 캠페인,33879.1,396,30,2799.24
2025-09-24,Instagram,Instagram 통합 캠페인,21353.88,176,9,2138.95
2025-09-24,Meta,Meta 통합 캠페인,23791.22,220,14,2007.19
2025-09-24,Naver,Naver 통합 캠페인,29916.170000000002,338,27,2654.42
2025-09-25,Google,Google 통합 캠페인,32658.15,351,36,3692.49
2025-09-25,Instagram,Instagram 통합 캠페인,19782.27,166,10,2470.45
2025-09-25,Meta,Meta 통합 캠페인,23613.43,194,12,1296.66
2025-09-25,Naver,Naver 통합 캠페인,30035.670000000002,282,29,3188.79
2025-09-26,Google,Google 통합 캠페인,42793.46,446,35,2657.77
2025-09-26,Instagram,Instagram 통합 캠페인,24989.54,204,10,1595.07
2025-09-26,Meta,Meta 통합 캠페인,32296.73,270,18,2379.46
2025-09-26,Naver,Naver 통합 캠페인,35402.65,368,28,2285.96
2025-09-27,Google,Google 통합 캠페인,51067.59,575,44,2750.73
2025-09-27,Instagram,Instagram 통합 캠페인,32580.120000000003,316,21,2609.95
2025-09-27,Meta,Meta 통합 캠페인,38192.7,373,22,2305.27
2025-09-27,Naver,Naver 통합 캠페인,42308.97,485,41,3100.1
2025-09-28,Google,Google 통합 캠페인,41203.12,484,40,4176.5
2025-09-28,Instagram,Instagram 통합 캠페인,26277.16,202,16,2822.66
2025-09-28,Meta,Meta 통합 캠페인,30302.33,280,31,3688.85
2025-09-28,Naver,Naver 통합 캠페인,35338.55,403,24,2540.21
2025-09-29,Google,Google 통합 캠페인,35456.4,424,32,2272.89
2025-09-29,Instagram,Instagram 통합 캠페인,22428.07,214,21,4036.52
2025-09-29,Meta,Meta 통합 캠페인,28321.82,254,14,2359.7
2025-09-29,Naver,Naver 통합 캠페인,31796.059999999998,374,32,3249.18
2025-09-30,Google,Google 통합 캠페인,34358.83,405,19,1806.93
2025-09-30,Instagram,Instagram 통합 캠페인,20351.71,192,12,2514.09
2025-09-30,Meta,Meta 통합 캠페인,25591.36,204,16,2474.0
2025-09-30,Naver,Naver 통합 캠페인,28101.879999999997,293,21,2535.55
2025-10-01,Google,Google 통합 캠페인,34924.25,412,26,2517.96
2025-10-01,Instagram,Instagram 통합 캠페인,21330.29,165,8,1680.59
2025-10-01,Meta,Meta 통합 캠페인,26613.089999999997,205,19,3112.26
2025-10-01,Naver,Naver 통합 캠페인,29294.02,282,21,2455.96
2025-10-02,Google,Google 통합 캠페인,34405.79,365,29,3082.68
2025-10-02,Instagram,Instagram 통합 캠페인,21410.84,176,12,2304.06
2025-10-02,Meta,Meta 통합 캠페인,28231.620000000003,292,36,4217.95
2025-10-02,Naver,Naver 통합 캠페인,32201.9,316,24,2309.27
2025-10-03,Google,Google 통합 캠페인,39471.09,472,37,2699.51
2025-10-03,Instagram,Instagram 통합 캠페인,24198.55,221,15,3566.63
2025-10-03,Meta,Meta 통합 캠페인,29615.21,280,28,3678.1
2025-10-03,Naver,Naver 통합 캠페인,33336.74,346,29,2880.64
2025-10-04,Google,Google 통합 캠페인,51533.78,565,27,2111.05
2025-10-04,Instagram,Instagram 통합 캠페인,31619.54,280,17,2683.51
2025-10-04,Meta,Meta 통합 캠페인,38027.14,331,18,1337.44
2025-10-04,Naver,Naver 통합 캠페인,44588.08,513,33,2495.76
2025-10-05,Google,Google 통합 캠페인,43141.16,443,29,2076.29
2025-10-05,Instagram,Instagram 통합 캠페인,27199.48,246,18,2494.76
2025-10-05,Meta,Meta 통합 캠페인,32749.58,309,19,2177.56
2025-10-05,Naver,Naver 통합 캠페인,36383.02,398,29,2583.17
2025-10-06,Google,Google 통합 캠페인,34407.02,393,28,2478.63
2025-10-06,Instagram,Instagram 통합 캠페인,20963.9,197,14,2782.65
2025-10-06,Meta,Meta 통합 캠페인,25369.63,234,17,2543.23
2025-10-06,Naver,Naver 통합 캠페인,31785.22,305,25,1736.75
2025-10-07,Google,Google 통합 캠페인,30292.85,352,26,2548.79
2025-10-07,Instagram,Instagram 통합 캠페인,18922.77,185,13,3042.56
2025-10-07,Meta,Meta 통합 캠페인,22907.41,214,18,2620.39
2025-10-07,Naver,Naver 통합 캠페인,28097.62,305,17,1640.35
2025-10-08,Google,Google 통합 캠페인,36111.92,432,34,2851.88
2025-10-08,Instagram,Instagram 통합 캠페인,23553.28,199,12,2261.77
2025-10-08,Meta,Meta 통합 캠페인,28587.69,250,17,2406.34
2025-10-08,Naver,Naver 통합 캠페인,30275.75,314,25,2399.67
2025-10-09,Google,Google 통합 캠페인,38494.69,475,34,2381.42
2025-10-09,Instagram,Instagram 통합 캠페인,24596.71,227,20,3886.0
2025-10-09,Meta,Meta 통합 캠페인,29278.14,295,16,1982.81
2025-10-09,Naver,Naver 통합 캠페인,33006.12,343,25,2451.91
2025-10-10,Google,Google 통합 캠페인,47658.89,542,29,2023.86
2025-10-10,Instagram,Instagram 통합 캠페인,29509.41,271,10,1605.98
2025-10-10,Meta,Meta 통합 캠페인,35410.09,329,27,2935.14
2025-10-10,Naver,Naver 통합 캠페인,39781.08,437,28,2812.22
2025-10-11,Google,Google 통합 캠페인,51515.03,633,48,3484.36
2025-10-11,Instagram,Instagram 통합 캠페인,31855.08,255,20,2344.72
2025-10-11,Meta,Meta 통합 캠페인,37707.47,344,30,3513.99
2025-10-11,Naver,Naver 통합 캠페인,43427.06,491,40,3327.33
2025-10-12,Google,Google 통합 캠페인,41002.55,466,33,2543.34
2025-10-12,Instagram,Instagram 통합 캠페인,25449.34,262,17,3329.79
2025-10-12,Meta,Meta 통합 캠페인,30498.95,271,22,2538.58
2025-10-12,Naver,Naver 통합 캠페인,34052.89,352,25,2480.08
2025-10-13,Google,Google 통합 캠페인,35828.05,464,35,3813.71
2025-10-13,Instagram,Instagram 통합 캠페인,21988.56,199,16,3375.18
2025-10-13,Meta,Meta 통합 캠페인,26501.85,243,17,2149.64
2025-10-13,Naver,Naver 통합 캠페인,31851.760000000002,350,24,1832.62
2025-10-14,Google,Google 통합 캠페인,35317.53,385,32,3009.71
2025-10-14,Instagram,Instagram 통합 캠페인,22592.8,214,16,3042.18
2025-10-14,Meta,Meta 통합 캠페인,26768.36,226,10,1338.82
2025-10-14,Naver,Naver 통합 캠페인,31751.79,336,29,3331.22
2025-10-15,Google,Google 통합 캠페인,31452.59,372,33,3374.51
2025-10-15,Instagram,Instagram 통합 캠페인,20341.45,197,8,1985.72
2025-10-15,Meta,Meta 통합 캠페인,24987.95,212,16,1776.88
2025-10-15,Naver,Naver 통합 캠페인,28041.68,323,28,2916.7
2025-10-16,Google,Google 통합 캠페인,39538.94,459,33,2516.76
2025-10-16,Instagram,Instagram 통합 캠페인,24148.47,228,17,3555.67
2025-10-16,Meta,Meta 통합 캠페인,30197.08,230,11,1144.25
2025-10-16,Naver,Naver 통합 캠페인,34462.57,391,19,2449.91
2025-10-17,Google,Google 통합 캠페인,37523.38,424,18,1451.88
2025-10-17,Instagram,Instagram 통합 캠페인,24777.35,209,18,3109.38
2025-10-17,Meta,Meta 통합 캠페인,28960.94,246,14,1720.19
2025-10-17,Naver,Naver 통합 캠페인,31692.97,339,28,3007.77
2025-10-18,Google,Google 통합 캠페인,50877.76,572,35,2764.64
2025-10-18,Instagram,Instagram 통합 캠페인,31040.510000000002,325,19,2778.01
2025-10-18,Meta,Meta 통합 캠페인,39364.04,366,32,3135.42
2025-10-18,Naver,Naver 통합 캠페인,42385.26,421,27,1906.55
2025-10-19,Google,Google 통합 캠페인,37149.3,404,30,2795.27
2025-10-19,Instagram,Instagram 통합 캠페인,24385.92,202,15,2746.44
2025-10-19,Meta,Meta 통합 캠페인,28848.59,261,29,3726.09
2025-10-19,Naver,Naver 통합 캠페인,31570.73,325,26,2717.6
2025-10-20,Google,Google 통합 캠페인,28928.53,330,26,2330.45
2025-10-20,Instagram,Instagram 통합 캠페인,18919.15,157,11,2391.94
2025-10-20,Meta,Meta 통합 캠페인,23989.829999999998,237,22,3675.42
2025-10-20,Naver,Naver 통합 캠페인,26878.85,320,25,2892.04
2025-10-21,Google,Google 통합 캠페인,26164.35,308,26,3002.2
2025-10-21,Instagram,Instagram 통합 캠페인,18045.69,185,17,4169.07
2025-10-21,Meta,Meta 통합 캠페인,21189.18,190,16,2427.89
2025-10-21,Naver,Naver 통합 캠페인,22707.67,274,23,2672.08
2025-10-22,Google,Google 통합 캠페인,33419.020000000004,385,29,3116.68
2025-10-22,Instagram,Instagram 통합 캠페인,20340.4,222,21,4842.82
2025-10-22,Meta,Meta 통합 캠페인,24853.03,238,25,4463.73
2025-10-22,Naver,Naver 통합 캠페인,28776.75,299,33,4549.45
2025-10-23,Google,Google 통합 캠페인,37456.99,499,30,2770.79
2025-10-23,Instagram,Instagram 통합 캠페인,21299.37,188,14,3133.07
2025-10-23,Meta,Meta 통합 캠페인,27571.97,247,13,1692.12
2025-10-23,Naver,Naver 통합 캠페인,31973.79,339,21,2350.25
2025-10-24,Google,Google 통합 캠페인,38067.58,435,34,3125.55
2025-10-24,Instagram,Instagram 통합 캠페인,24055.03,227,17,3343.24
2025-10-24,Meta,Meta 통합 캠페인,29759.66,269,24,3223.16
2025-10-24,Naver,Naver 통합 캠페인,34151.99,311,25,2287.06
2025-10-25,Google,Google 통합 캠페인,47891.86,544,44,3187.3
2025-10-25,Instagram,Instagram 통합 캠페인,27885.04,252,23,3906.14
2025-10-25,Meta,Meta 통합 캠페인,33424.12,280,26,2477.11
2025-10-25,Naver,Naver 통합 캠페인,39661.18,419,37,2902.0
2025-10-26,Google,Google 통합 캠페인,41107.4,448,18,1400.34
2025-10-26,Instagram,Instagram 통합 캠페인,27324.260000000002,265,12,2122.37
2025-10-26,Meta,Meta 통합 캠페인,33310.42,321,34,3451.22
2025-10-26,Naver,Naver 통합 캠페인,34438.9,388,30,3130.01
2025-10-27,Google,Google 통합 캠페인,33807.69,397,30,2765.64
2025-10-27,Instagram,Instagram 통합 캠페인,22394.329999999998,177,15,3366.57
2025-10-27,Meta,Meta 통합 캠페인,26243.31,211,10,1688.73
2025-10-27,Naver,Naver 통합 캠페인,29452.64,370,32,3262.97
2025-10-28,Google,Google 통합 캠페인,33366.27,403,27,2394.86
2025-10-28,Instagram,Instagram 통합 캠페인,22241.08,188,10,1902.67
2025-10-28,Meta,Meta 통합 캠페인,26827.35,238,19,1973.8
2025-10-28,Naver,Naver 통합 캠페인,29564.18,314,24,2510.99
2025-10-29,Google,Google 통합 캠페인,36887.2,448,28,2377.77
2025-10-29,Instagram,Instagram 통합 캠페인,24439.45,229,17,2914.39
2025-10-29,Meta,Meta 통합 캠페인,28985.38,287,16,1818.95
2025-10-29,Naver,Naver 통합 캠페인,32457.96,359,33,3670.88
2025-10-30,Google,Google 통합 캠페인,34799.07,415,28,2609.41
2025-10-30,Instagram,Instagram 통합 캠페인,20022.510000000002,201,17,4111.69
2025-10-30,Meta,Meta 통합 캠페인,27859.57,248,12,1448.71
2025-10-30,Naver,Naver 통합 캠페인,29560.969999999998,333,22,2427.04
2025-10-31,Google,Google 통합 캠페인,40721.08,449,29,2426.96
2025-10-31,Instagram,Instagram 통합 캠페인,25373.59,260,17,2932.64
2025-10-31,Meta,Meta 통합 캠페인,31798.23,293,22,2355.61
2025-10-31,Naver,Naver 통합 캠페인,34263.4,359,16,1570.75
2025-11-01,Google,Google 통합 캠페인,53985.42,594,46,3029.1
2025-11-01,Instagram,Instagram 통합 캠페인,32609.78,329,23,3374.06
2025-11-01,Meta,Meta 통합 캠페인,41037.93,323,24,2115.72
2025-11-01,Naver,Naver 통합 캠페인,45708.59,487,29,1908.65
2025-11-02,Google,Google 통합 캠페인,49675.72,616,41,2957.63
2025-11-02,Instagram,Instagram 통합 캠페인,29434.129999999997,306,24,3658.62
2025-11-02,Meta,Meta 통합 캠페인,35995.53,299,29,3480.08
2025-11-02,Naver,Naver 통합 캠페인,39656.39,431,38,3305.75
2025-11-03,Google,Google 통합 캠페인,33985.119999999995,385,26,2713.25
2025-11-03,Instagram,Instagram 통합 캠페인,19569.8,182,12,2831.65
2025-11-03,Meta,Meta 통합 캠페인,24751.66,216,21,3542.03
2025-11-03,Naver,Naver 통합 캠페인,28482.14,279,20,1919.92
2025-11-04,Google,Google 통합 캠페인,36151.59,406,31,2720.49
2025-11-04,Instagram,Instagram 통합 캠페인,24618.329999999998,251,11,1683.82
2025-11-04,Meta,Meta 통합 캠페인,29362.19,286,22,2853.01
2025-11-04,Naver,Naver 통합 캠페인,33547.47,350,23,2447.26
2025-11-05,Google,Google 통합 캠페인,40268.19,494,40,2979.31
2025-11-05,Instagram,Instagram 통합 캠페인,25808.27,236,13,2322.27
2025-11-05,Meta,Meta 통합 캠페인,30561.75,292,32,3725.01
2025-11-05,Naver,Naver 통합 캠페인,36156.83,397,22,1959.0
2025-11-06,Google,Google 통합 캠페인,40897.87,480,36,2307.19
2025-11-06,Instagram,Instagram 통합 캠페인,26313.37,250,16,2509.62
2025-11-06,Meta,Meta 통합 캠페인,30923.12,284,27,3149.39
2025-11-06,Naver,Naver 통합 캠페인,35565.06,412,33,3083.48
2025-11-07,Google,Google 통합 캠페인,52823.880000000005,652,44,3515.4
2025-11-07,Instagram,Instagram 통합 캠페인,30706.6,291,17,2456.52
2025-11-07,Meta,Meta 통합 캠페인,37282.5,323,28,2861.79
2025-11-07,Naver,Naver 통합 캠페인,44319.380000000005,490,27,2281.97
2025-11-08,Google,Google 통합 캠페인,55520.83,674,47,3218.46
2025-11-08,Instagram,Instagram 통합 캠페인,32823.97,303,18,2761.54
2025-11-08,Meta,Meta 통합 캠페인,42073.24,378,29,2748.33
2025-11-08,Naver,Naver 통합 캠페인,44885.92,468,27,1875.62
2025-11-09,Google,Google 통합 캠페인,53517.71,654,54,3793.26
2025-11-09,Instagram,Instagram 통합 캠페인,29927.98,285,23,3912.87
2025-11-09,Meta,Meta 통합 캠페인,38564.13,347,18,1781.65
2025-11-09,Naver,Naver 통합 캠페인,44399.57,472,29,2388.0
2025-11-10,Google,Google 통합 캠페인,31644.42,351,28,2179.74
2025-11-10,Instagram,Instagram 통합 캠페인,20019.29,172,10,1589.1
2025-11-10,Meta,Meta 통합 캠페인,24264.0,198,9,1044.7
2025-11-10,Naver,Naver 통합 캠페인,30838.03,293,23,1982.48
2025-11-11,Google,Google 통합 캠페인,36195.61,440,32,3090.85
2025-11-11,Instagram,Instagram 통합 캠페인,23099.28,233,21,4437.35
2025-11-11,Meta,Meta 통합 캠페인,27006.64,252,15,2275.47
2025-11-11,Naver,Naver 통합 캠페인,32744.480000000003,347,42,4991.36
2025-11-12,Google,Google 통합 캠페인,39731.29,460,38,2690.53
2025-11-12,Instagram,Instagram 통합 캠페인,24424.03,245,13,2589.72
2025-11-12,Meta,Meta 통합 캠페인,31688.15,273,24,2515.92
2025-11-12,Naver,Naver 통합 캠페인,35738.2,411,31,2345.7
2025-11-13,Google,Google 통합 캠페인,42930.6,492,27,1851.41
2025-11-13,Instagram,Instagram 통합 캠페인,25385.41,216,15,2418.09
2025-11-13,Meta,Meta 통합 캠페인,32180.43,287,19,2386.81
2025-11-13,Naver,Naver 통합 캠페인,36572.09,420,24,2242.74
2025-11-14,Google,Google 통합 캠페인,52942.81,641,46,3588.8
2025-11-14,Instagram,Instagram 통합 캠페인,31645.91,313,22,3148.63
2025-11-14,Meta,Meta 통합 캠페인,38709.71,338,22,2293.01
2025-11-14,Naver,Naver 통합 캠페인,42973.4,432,37,3717.1
2025-11-15,Google,Google 통합 캠페인,58896.74,711,52,3236.99
2025-11-15,Instagram,Instagram 통합 캠페인,35720.71,369,18,2803.93
2025-11-15,Meta,Meta 통합 캠페인,44519.6,404,37,2945.48
2025-11-15,Naver,Naver 통합 캠페인,49311.44,538,33,2099.05
2025-11-16,Google,Google 통합 캠페인,47040.94,552,32,2687.04
2025-11-16,Instagram,Instagram 통합 캠페인,28607.23,271,27,3840.31
2025-11-16,Meta,Meta 통합 캠페인,37047.42,349,21,1847.24
2025-11-16,Naver,Naver 통합 캠페인,38456.0,382,31,2957.21
2025-11-17,Google,Google 통합 캠페인,41518.119999999995,472,42,3244.13
2025-11-17,Instagram,Instagram 통합 캠페인,25164.57,211,16,2739.74
2025-11-17,Meta,Meta 통합 캠페인,29417.089999999997,293,19,2772.97
2025-11-17,Naver,Naver 통합 캠페인,36248.33,421,30,2506.08
2025-11-18,Google,Google 통합 캠페인,34013.42,410,30,2538.24
2025-11-18,Instagram,Instagram 통합 캠페인,19985.94,197,12,2656.32
2025-11-18,Meta,Meta 통합 캠페인,26518.78,242,11,1103.8
2025-11-18,Naver,Naver 통합 캠페인,29973.13,289,25,2440.49
2025-11-19,Google,Google 통합 캠페인,37812.68,471,31,2200.98
2025-11-19,Instagram,Instagram 통합 캠페인,22373.4,225,15,2900.9
2025-11-19,Meta,Meta 통합 캠페인,28681.86,269,19,2621.44
2025-11-19,Naver,Naver 통합 캠페인,32956.06,345,28,2870.19
2025-11-20,Google,Google 통합 캠페인,56592.46000000001,667,53,3076.96
2025-11-20,Instagram,Instagram 통합 캠페인,35629.24,319,27,3482.63
2025-11-20,Meta,Meta 통합 캠페인,43497.0,438,32,2708.1
2025-11-20,Naver,Naver 통합 캠페인,50395.21000000001,478,34,2412.77
2025-11-21,Google,Google 통합 캠페인,57435.56,695,51,3620.04
2025-11-21,Instagram,Instagram 통합 캠페인,34843.3,353,27,2965.46
2025-11-21,Meta,Meta 통합 캠페인,45385.47,483,47,4155.73
2025-11-21,Naver,Naver 통합 캠페인,49830.15,517,41,2514.56
2025-11-22,Google,Google 통합 캠페인,76109.22,939,54,2082.24
2025-11-22,Instagram,Instagram 통합 캠페인,45623.979999999996,459,32,2339.16
2025-11-22,Meta,Meta 통합 캠페인,57164.89,560,36,1767.54
2025-11-22,Naver,Naver 통합 캠페인,62044.31,689,48,2244.65
2025-11-23,Google,Google 통합 캠페인,49464.93,534,39,2641.87
2025-11-23,Instagram,Instagram 통합 캠페인,35207.08,336,29,3234.24
2025-11-23,Meta,Meta 통합 캠페인,39473.87,385,30,2185.14
2025-11-23,Naver,Naver 통합 캠페인,47915.81,484,36,2194.24
2025-11-24,Google,Google 통합 캠페인,50871.49,569,48,3630.16
2025-11-24,Instagram,Instagram 통합 캠페인,28000.260000000002,279,24,3693.39
2025-11-24,Meta,Meta 통합 캠페인,36724.72,328,25,2887.86
2025-11-24,Naver,Naver 통합 캠페인,43092.0,412,32,2708.83
2025-11-25,Google,Google 통합 캠페인,57048.41,641,35,2493.26
2025-11-25,Instagram,Instagram 통합 캠페인,32794.479999999996,308,19,2673.4
2025-11-25,Meta,Meta 통합 캠페인,41913.13,375,29,2615.8
2025-11-25,Naver,Naver 통합 캠페인,47645.72,524,45,3089.26
2025-11-26,Google,Google 통합 캠페인,57041.54,602,55,3892.53
2025-11-26,Instagram,Instagram 통합 캠페인,33546.79,309,32,4272.36
2025-11-26,Meta,Meta 통합 캠페인,40506.71,399,40,4047.05
2025-11-26,Naver,Naver 통합 캠페인,46475.03,522,46,3628.23
2025-11-27,Google,Google 통합 캠페인,51314.26,608,54,3669.37
2025-11-27,Instagram,Instagram 통합 캠페인,30395.190000000002,281,25,3192.74
2025-11-27,Meta,Meta 통합 캠페인,38694.16,394,26,2873.3
2025-11-27,Naver,Naver 통합 캠페인,43731.35,445,31,2406.25
2025-11-28,Google,Google 통합 캠페인,53492.45,584,49,2470.26
2025-11-28,Instagram,Instagram 통합 캠페인,33175.05,341,32,3797.48
2025-11-28,Meta,Meta 통합 캠페인,40935.83,381,28,2020.34
2025-11-28,Naver,Naver 통합 캠페인,45997.549999999996,479,41,2660.91
2025-11-29,Google,Google 통합 캠페인,52733.8,583,46,2447.2
2025-11-29,Instagram,Instagram 통합 캠페인,34993.16,358,24,2734.19
2025-11-29,Meta,Meta 통합 캠페인,42607.26,375,30,1974.62
2025-11-29,Naver,Naver 통합 캠페인,48933.54,510,40,2484.33
2025-11-30,Google,Google 통합 캠페인,46547.7,495,51,3110.37
2025-11-30,Instagram,Instagram 통합 캠페인,30060.87,245,23,3120.19
2025-11-30,Meta,Meta 통합 캠페인,35700.64,311,29,2412.4
2025-11-30,Naver,Naver 통합 캠페인,42700.96,381,31,2152.96
2025-12-01,Google,Google 통합 캠페인,39572.3,458,43,2417.82
2025-12-01,Instagram,Instagram 통합 캠페인,27589.09,291,35,4045.03
2025-12-01,Meta,Meta 통합 캠페인,31742.16,330,32,2762.52
2025-12-01,Naver,Naver 통합 캠페인,38623.0,415,41,2795.42
2025-12-02,Google,Google 통합 캠페인,36972.46,437,32,1994.39
2025-12-02,Instagram,Instagram 통합 캠페인,25775.74,263,12,1462.65
2025-12-02,Meta,Meta 통합 캠페인,28425.87,243,23,2612.96
2025-12-02,Naver,Naver 통합 캠페인,35196.1,390,36,2855.95
2025-12-03,Google,Google 통합 캠페인,41555.049999999996,488,47,2631.51
2025-12-03,Instagram,Instagram 통합 캠페인,26615.02,253,15,2322.91
2025-12-03,Meta,Meta 통합 캠페인,32447.809999999998,300,30,3116.89
2025-12-03,Naver,Naver 통합 캠페인,39494.15,461,37,2601.7
2025-12-04,Google,Google 통합 캠페인,32305.88,380,20,1626.42
2025-12-04,Instagram,Instagram 통합 캠페인,21955.149999999998,206,18,3621.87
2025-12-04,Meta,Meta 통합 캠페인,25577.670000000002,238,14,1578.3
2025-12-04,Naver,Naver 통합 캠페인,30070.45,300,27,2347.15
2025-12-05,Google,Google 통합 캠페인,36874.5,399,24,1967.63
2025-12-05,Instagram,Instagram 통합 캠페인,25429.02,232,15,2109.91
2025-12-05,Meta,Meta 통합 캠페인,28807.43,281,21,2803.25
2025-12-05,Naver,Naver 통합 캠페인,32249.329999999998,375,22,1987.93
2025-12-06,Google,Google 통합 캠페인,34158.18,415,32,2297.46
2025-12-06,Instagram,Instagram 통합 캠페인,22740.350000000002,200,16,2466.52
2025-12-06,Meta,Meta 통합 캠페인,26183.46,218,15,1610.45
2025-12-06,Naver,Naver 통합 캠페인,31660.82,319,21,1763.72
2025-12-07,Google,Google 통합 캠페인,36545.74,377,29,2069.44
2025-12-07,Instagram,Instagram 통합 캠페인,25438.21,233,12,1722.86
2025-12-07,Meta,Meta 통합 캠페인,29111.489999999998,288,22,2528.16
2025-12-07,Naver,Naver 통합 캠페인,33438.340000000004,368,41,3875.75
2025-12-08,Google,Google 통합 캠페인,36763.21,388,29,1980.01
2025-12-08,Instagram,Instagram 통합 캠페인,23322.34,234,16,2385.52
2025-12-08,Meta,Meta 통합 캠페인,30063.96,244,16,1710.2
2025-12-08,Naver,Naver 통합 캠페인,34456.12,307,20,1943.14
2025-12-09,Google,Google 통합 캠페인,40393.46,441,36,2788.57
2025-12-09,Instagram,Instagram 통합 캠페인,25131.2,234,10,1851.6
2025-12-09,Meta,Meta 통합 캠페인,32041.38,275,17,1655.24
2025-12-09,Naver,Naver 통합 캠페인,36655.22,383,25,2165.82
2025-12-10,Google,Google 통합 캠페인,43188.43,506,46,3455.38
2025-12-10,Instagram,Instagram 통합 캠페인,25221.73,236,18,3253.18
2025-12-10,Meta,Meta 통합 캠페인,31343.120000000003,254,25,2491.47
2025-12-10,Naver,Naver 통합 캠페인,36358.54,425,25,2046.22
2025-12-11,Google,Google 통합 캠페인,44206.82,550,44,3984.32
2025-12-11,Instagram,Instagram 통합 캠페인,28184.940000000002,235,14,1774.58
2025-12-11,Meta,Meta 통합 캠페인,33198.11,334,26,2919.63
2025-12-11,Naver,Naver 통합 캠페인,37420.18,405,32,2524.58
2025-12-12,Google,Google 통합 캠페인,43729.55,516,41,3156.74
2025-12-12,Instagram,Instagram 통합 캠페인,25648.96,259,19,3417.23
2025-12-12,Meta,Meta 통합 캠페인,31962.1,306,28,2828.42
2025-12-12,Naver,Naver 통합 캠페인,38276.69,380,31,2912.33
2025-12-13,Google,Google 통합 캠페인,45652.88,504,32,1733.35
2025-12-13,Instagram,Instagram 통합 캠페인,27911.09,278,25,3237.15
2025-12-13,Meta,Meta 통합 캠페인,36193.1,307,22,1805.68
2025-12-13,Naver,Naver 통합 캠페인,38004.7,423,30,2187.51
2025-12-14,Google,Google 통합 캠페인,32470.98,417,28,2094.83
2025-12-14,Instagram,Instagram 통합 캠페인,21283.82,200,17,2811.06
2025-12-14,Meta,Meta 통합 캠페인,27178.1,275,19,2122.45
2025-12-14,Naver,Naver 통합 캠페인,30570.81,340,25,2290.77
2025-12-15,Google,Google 통합 캠페인,38507.35,442,41,3279.24
2025-12-15,Instagram,Instagram 통합 캠페인,22537.3,200,14,2522.28
2025-12-15,Meta,Meta 통합 캠페인,28970.059999999998,264,18,2266.53
2025-12-15,Naver,Naver 통합 캠페인,34791.979999999996,372,23,2259.85
2025-12-16,Google,Google 통합 캠페인,35210.57,420,26,2291.66
2025-12-16,Instagram,Instagram 통합 캠페인,21668.69,185,10,2016.13
2025-12-16,Meta,Meta 통합 캠페인,26252.079999999998,256,18,1587.54
2025-12-16,Naver,Naver 통합 캠페인,32933.97,316,18,1644.44
2025-12-17,Google,Google 통합 캠페인,37590.8,458,29,2830.85
2025-12-17,Instagram,Instagram 통합 캠페인,24423.04,221,10,1629.12
2025-12-17,Meta,Meta 통합 캠페인,30652.91,281,27,2798.47
2025-12-17,Naver,Naver 통합 캠페인,32822.1,336,22,2000.55
2025-12-18,Google,Google 통합 캠페인,36530.43,440,29,2348.18
2025-12-18,Instagram,Instagram 통합 캠페인,21826.96,211,9,1580.68
2025-12-18,Meta,Meta 통합 캠페인,28219.57,200,14,1487.25
2025-12-18,Naver,Naver 통합 캠페인,30397.66,314,18,1748.93
2025-12-19,Google,Google 통합 캠페인,48679.2,574,36,2720.99
2025-12-19,Instagram,Instagram 통합 캠페인,29016.489999999998,259,12,1409.16
2025-12-19,Meta,Meta 통합 캠페인,35996.020000000004,301,19,2043.27
2025-12-19,Naver,Naver 통합 캠페인,39152.630000000005,402,25,2170.49
2025-12-20,Google,Google 통합 캠페인,38503.82,475,25,1647.37
2025-12-20,Instagram,Instagram 통합 캠페인,25164.440000000002,233,22,3038.65
2025-12-20,Meta,Meta 통합 캠페인,29259.2,293,20,2294.89
2025-12-20,Naver,Naver 통합 캠페인,32515.89,336,27,2316.02
2025-12-21,Google,Google 통합 캠페인,35564.22,406,26,1999.02
2025-12-21,Instagram,Instagram 통합 캠페인,24137.34,217,12,1742.87
2025-12-21,Meta,Meta 통합 캠페인,26870.13,238,9,771.66
2025-12-21,Naver,Naver 통합 캠페인,30325.22,285,14,1662.38
2025-12-22,Google,Google 통합 캠페인,36901.67,440,34,3353.34
2025-12-22,Instagram,Instagram 통합 캠페인,22692.09,196,13,2772.2
2025-12-22,Meta,Meta 통합 캠페인,25882.1,238,31,3814.34
2025-12-22,Naver,Naver 통합 캠페인,31169.68,376,24,2983.91
2025-12-23,Google,Google 통합 캠페인,34687.82,426,28,2098.33
2025-12-23,Instagram,Instagram 통합 캠페인,20986.54,222,17,3617.77
2025-12-23,Meta,Meta 통합 캠페인,25414.29,227,17,1937.39
2025-12-23,Naver,Naver 통합 캠페인,29017.02,340,23,2947.67
2025-12-24,Google,Google 통합 캠페인,28890.28,348,29,2619.95
2025-12-24,Instagram,Instagram 통합 캠페인,17707.21,186,11,2350.86
2025-12-24,Meta,Meta 통합 캠페인,20954.58,210,14,2603.51
2025-12-24,Naver,Naver 통합 캠페인,25735.51,321,22,2767.09
2025-12-25,Google,Google 통합 캠페인,35597.55,423,27,2331.69
2025-12-25,Instagram,Instagram 통합 캠페인,21366.77,160,5,989.94
2025-12-25,Meta,Meta 통합 캠페인,24416.34,243,15,2343.57
2025-12-25,Naver,Naver 통합 캠페인,30299.25,333,20,2364.19
2025-12-26,Google,Google 통합 캠페인,44887.17,532,28,2607.66
2025-12-26,Instagram,Instagram 통합 캠페인,27507.239999999998,216,10,1797.45
2025-12-26,Meta,Meta 통합 캠페인,36276.49,324,26,3263.65
2025-12-26,Naver,Naver 통합 캠페인,36033.8,392,28,3089.22
2025-12-27,Google,Google 통합 캠페인,49274.43,579,36,1984.08
2025-12-27,Instagram,Instagram 통합 캠페인,28729.35,290,11,1423.31
2025-12-27,Meta,Meta 통합 캠페인,36093.45,306,21,1791.87
2025-12-27,Naver,Naver 통합 캠페인,38608.67,444,33,2287.99
2025-12-28,Google,Google 통합 캠페인,34473.85,411,39,3085.18
2025-12-28,Instagram,Instagram 통합 캠페인,23199.71,187,10,1284.01
2025-12-28,Meta,Meta 통합 캠페인,26987.81,220,7,679.55
2025-12-28,Naver,Naver 통합 캠페인,32849.14,346,32,2813.39
2025-12-29,Google,Google 통합 캠페인,39564.79,468,32,3013.75
2025-12-29,Instagram,Instagram 통합 캠페인,24967.92,198,16,2492.69
2025-12-29,Meta,Meta 통합 캠페인,31213.129999999997,297,18,2020.93
2025-12-29,Naver,Naver 통합 캠페인,36295.89,408,28,2469.42
2025-12-30,Google,Google 통합 캠페인,41601.34,484,32,2375.81
2025-12-30,Instagram,Instagram 통합 캠페인,26140.64,216,22,3279.48
2025-12-30,Meta,Meta 통합 캠페인,30847.12,280,22,2305.34
2025-12-30,Naver,Naver 통합 캠페인,35584.369999999995,391,38,3490.59
2025-12-31,Google,Google 통합 캠페인,37465.729999999996,452,36,2802.85
2025-12-31,Instagram,Instagram 통합 캠페인,24162.84,233,17,2703.2
2025-12-31,Meta,Meta 통합 캠페인,29237.0,251,16,2203.2
2025-12-31,Naver,Naver 통합 캠페인,32515.03,364,30,2875.85
2026-01-01,Google,Google 통합 캠페인,42799.95,520,40,3361.8
2026-01-01,Instagram,Instagram 통합 캠페인,26146.21,231,18,3361.93
2026-01-01,Meta,Meta 통합 캠페인,31134.28,293,24,2563.51
2026-01-01,Naver,Naver 통합 캠페인,36780.11,400,46,4046.39
2026-01-02,Google,Google 통합 캠페인,45643.03,568,46,3513.76
2026-01-02,Instagram,Instagram 통합 캠페인,28329.27,280,19,2805.29
2026-01-02,Meta,Meta 통합 캠페인,34175.68,310,28,3290.07
2026-01-02,Naver,Naver 통합 캠페인,37910.73,377,33,3095.45
2026-01-03,Google,Google 통합 캠페인,54888.8,676,40,2398.99
2026-01-03,Instagram,Instagram 통합 캠페인,32323.96,271,19,2569.47
2026-01-03,Meta,Meta 통합 캠페인,40223.0,345,21,2075.57
2026-01-03,Naver,Naver 통합 캠페인,44717.78,502,42,3454.31
2026-01-04,Google,Google 통합 캠페인,49410.97,571,45,3330.79
2026-01-04,Instagram,Instagram 통합 캠페인,28468.84,291,16,2149.21
2026-01-04,Meta,Meta 통합 캠페인,35069.97,257,18,2221.95
2026-01-04,Naver,Naver 통합 캠페인,40602.759999999995,399,23,2110.12
2026-01-05,Google,Google 통합 캠페인,34245.43,389,20,1859.05
2026-01-05,Instagram,Instagram 통합 캠페인,19853.59,204,20,4858.23
2026-01-05,Meta,Meta 통합 캠페인,23250.88,218,15,2188.86
2026-01-05,Naver,Naver 통합 캠페인,30779.68,318,18,1665.32
2026-01-06,Google,Google 통합 캠페인,39045.78,430,34,2793.34
2026-01-06,Instagram,Instagram 통합 캠페인,24206.31,203,14,2069.7
2026-01-06,Meta,Meta 통합 캠페인,29535.699999999997,271,22,2647.7
2026-01-06,Naver,Naver 통합 캠페인,35349.049999999996,340,21,1608.54
2026-01-07,Google,Google 통합 캠페인,40635.44,471,26,2064.58
2026-01-07,Instagram,Instagram 통합 캠페인,24222.01,239,24,4021.9
2026-01-07,Meta,Meta 통합 캠페인,29754.52,245,19,2503.8
2026-01-07,Naver,Naver 통합 캠페인,35495.14,354,29,3410.22
2026-01-08,Google,Google 통합 캠페인,44952.61,473,38,2982.47
2026-01-08,Instagram,Instagram 통합 캠페인,27515.53,266,23,3811.67
2026-01-08,Meta,Meta 통합 캠페인,32378.68,299,21,2122.86
2026-01-08,Naver,Naver 통합 캠페인,36378.34,375,24,2348.15
2026-01-09,Google,Google 통합 캠페인,53658.64,631,51,2701.12
2026-01-09,Instagram,Instagram 통합 캠페인,32648.19,298,27,3188.19
2026-01-09,Meta,Meta 통합 캠페인,37936.8,328,25,2611.93
2026-01-09,Naver,Naver 통합 캠페인,46193.73,498,30,2065.67
2026-01-10,Google,Google 통합 캠페인,57832.869999999995,660,46,2643.36
2026-01-10,Instagram,Instagram 통합 캠페인,34416.67,303,17,2306.95
2026-01-10,Meta,Meta 통합 캠페인,38852.53,345,23,2331.39
2026-01-10,Naver,Naver 통합 캠페인,47218.77,487,29,1915.62
2026-01-11,Google,Google 통합 캠페인,57981.119999999995,751,54,3382.41
2026-01-11,Instagram,Instagram 통합 캠페인,33749.9,294,23,2678.17
2026-01-11,Meta,Meta 통합 캠페인,40426.95,352,30,2909.61
2026-01-11,Naver,Naver 통합 캠페인,47665.48,499,35,2515.49
2026-01-12,Google,Google 통합 캠페인,42916.06,556,33,2504.56
2026-01-12,Instagram,Instagram 통합 캠페인,25897.08,234,14,2410.75
2026-01-12,Meta,Meta 통합 캠페인,30773.09,266,21,2223.63
2026-01-12,Naver,Naver 통합 캠페인,36266.9,379,25,2512.83
2026-01-13,Google,Google 통합 캠페인,40268.979999999996,466,28,2078.93
2026-01-13,Instagram,Instagram 통합 캠페인,24274.65,199,17,3428.61
2026-01-13,Meta,Meta 통합 캠페인,30992.980000000003,276,22,2834.46
2026-01-13,Naver,Naver 통합 캠페인,36800.38,349,31,2558.55
2026-01-14,Google,Google 통합 캠페인,39609.07,487,31,2033.29
2026-01-14,Instagram,Instagram 통합 캠페인,24141.23,243,10,1640.04
2026-01-14,Meta,Meta 통합 캠페인,29801.66,270,18,1665.9
2026-01-14,Naver,Naver 통합 캠페인,36031.21,413,20,1622.84
2026-01-15,Google,Google 통합 캠페인,32155.94,413,25,1957.19
2026-01-15,Instagram,Instagram 통합 캠페인,20589.82,209,13,2804.18
2026-01-15,Meta,Meta 통합 캠페인,27339.84,242,22,3358.93
2026-01-15,Naver,Naver 통합 캠페인,26617.2,276,18,1888.05
2026-01-16,Google,Google 통합 캠페인,47784.34,540,45,3083.89
2026-01-16,Instagram,Instagram 통합 캠페인,30225.11,295,25,3591.12
2026-01-16,Meta,Meta 통합 캠페인,38047.41,346,29,3261.33
2026-01-16,Naver,Naver 통합 캠페인,39951.93,413,35,3082.79
2026-01-17,Google,Google 통합 캠페인,54689.45,597,46,2996.63
2026-01-17,Instagram,Instagram 통합 캠페인,34371.16,316,21,2741.56
2026-01-17,Meta,Meta 통합 캠페인,42273.54,341,30,2700.84
2026-01-17,Naver,Naver 통합 캠페인,47451.91,498,44,3235.24
2026-01-18,Google,Google 통합 캠페인,49519.05,576,39,2404.59
2026-01-18,Instagram,Instagram 통합 캠페인,31401.53,299,18,2482.64
2026-01-18,Meta,Meta 통합 캠페인,36158.11,311,16,1713.94
2026-01-18,Naver,Naver 통합 캠페인,40929.0,411,39,3234.21
2026-01-19,Google,Google 통합 캠페인,34152.06,435,25,1913.62
2026-01-19,Instagram,Instagram 통합 캠페인,21387.829999999998,200,19,4777.93
2026-01-19,Meta,Meta 통합 캠페인,24058.77,209,15,2262.66
2026-01-19,Naver,Naver 통합 캠페인,31020.15,274,26,2404.1
2026-01-20,Google,Google 통합 캠페인,38544.950000000004,443,29,2438.37
2026-01-20,Instagram,Instagram 통합 캠페인,21473.23,207,16,3217.82
2026-01-20,Meta,Meta 통합 캠페인,27526.4,216,16,1949.68
2026-01-20,Naver,Naver 통합 캠페인,31938.120000000003,339,23,1987.56
2026-01-21,Google,Google 통합 캠페인,39922.08,472,35,2658.5
2026-01-21,Instagram,Instagram 통합 캠페인,25408.75,249,17,2581.9
2026-01-21,Meta,Meta 통합 캠페인,29723.33,286,19,2379.55
2026-01-21,Naver,Naver 통합 캠페인,33553.35,349,26,2564.53
2026-01-22,Google,Google 통합 캠페인,39997.07,468,48,3469.68
2026-01-22,Instagram,Instagram 통합 캠페인,22354.15,204,18,3000.55
2026-01-22,Meta,Meta 통합 캠페인,28494.510000000002,308,26,3168.92
2026-01-22,Naver,Naver 통합 캠페인,33378.57,421,27,2381.96
2026-01-23,Google,Google 통합 캠페인,45322.74,528,42,4003.88
2026-01-23,Instagram,Instagram 통합 캠페인,26341.37,253,19,2963.89
2026-01-23,Meta,Meta 통합 캠페인,35097.51,333,19,2192.43
2026-01-23,Naver,Naver 통합 캠페인,37306.94,408,32,3022.89
2026-01-24,Google,Google 통합 캠페인,58353.71,725,63,3665.69
2026-01-24,Instagram,Instagram 통합 캠페인,32668.73,287,21,3004.06
2026-01-24,Meta,Meta 통합 캠페인,44191.53,420,35,2626.42
2026-01-24,Naver,Naver 통합 캠페인,47769.119999999995,463,36,2737.8
2026-01-25,Google,Google 통합 캠페인,45960.229999999996,597,47,4106.78
2026-01-25,Instagram,Instagram 통합 캠페인,26269.489999999998,234,21,3352.36
2026-01-25,Meta,Meta 통합 캠페인,32732.66,280,22,2302.31
2026-01-25,Naver,Naver 통합 캠페인,37477.270000000004,387,36,3585.84
2026-01-26,Google,Google 통합 캠페인,35555.1,407,32,3641.26
2026-01-26,Instagram,Instagram 통합 캠페인,22729.98,213,20,3726.29
2026-01-26,Meta,Meta 통합 캠페인,26340.2,215,16,1672.07
2026-01-26,Naver,Naver 통합 캠페인,30139.08,381,22,2259.55
2026-01-27,Google,Google 통합 캠페인,38010.34,467,30,1898.93
2026-01-27,Instagram,Instagram 통합 캠페인,23068.5,218,10,1687.18
2026-01-27,Meta,Meta 통합 캠페인,30130.1,273,20,2601.16
2026-01-27,Naver,Naver 통합 캠페인,34888.67,324,20,2040.13
2026-01-28,Google,Google 통합 캠페인,39060.55,468,27,2563.08
2026-01-28,Instagram,Instagram 통합 캠페인,23360.75,197,12,2204.53
2026-01-28,Meta,Meta 통합 캠페인,28475.16,250,27,2855.72
2026-01-28,Naver,Naver 통합 캠페인,34111.240000000005,363,23,1891.85
2026-01-29,Google,Google 통합 캠페인,39043.770000000004,466,37,2719.44
2026-01-29,Instagram,Instagram 통합 캠페인,23874.260000000002,202,17,2999.48
2026-01-29,Meta,Meta 통합 캠페인,28967.29,244,27,3350.04
2026-01-29,Naver,Naver 통합 캠페인,32730.37,336,38,3841.6
2026-01-30,Google,Google 통합 캠페인,45837.99,549,46,3220.67
2026-01-30,Instagram,Instagram 통합 캠페인,26492.739999999998,235,13,2016.01
2026-01-30,Meta,Meta 통합 캠페인,32695.32,295,28,3444.04
2026-01-30,Naver,Naver 통합 캠페인,38356.799999999996,432,32,2765.75
2026-01-31,Google,Google 통합 캠페인,45290.97,555,39,2749.82
2026-01-31,Instagram,Instagram 통합 캠페인,29912.1,260,12,1440.44
2026-01-31,Meta,Meta 통합 캠페인,32588.15,312,31,3581.17
2026-01-31,Naver,Naver 통합 캠페인,38005.49,398,34,2791.74
2026-02-01,Google,Google 통합 캠페인,55437.880000000005,604,43,3175.87
2026-02-01,Instagram,Instagram 통합 캠페인,31820.94,318,17,2821.78
2026-02-01,Meta,Meta 통합 캠페인,40252.95,352,31,2731.42
2026-02-01,Naver,Naver 통합 캠페인,44817.11,415,24,1822.88
2026-02-02,Google,Google 통합 캠페인,31525.48,344,27,2251.24
2026-02-02,Instagram,Instagram 통합 캠페인,19835.11,201,11,2030.18
2026-02-02,Meta,Meta 통합 캠페인,24317.85,245,21,2133.35
2026-02-02,Naver,Naver 통합 캠페인,27581.15,323,20,2212.44
2026-02-03,Google,Google 통합 캠페인,39253.25,434,33,2829.25
2026-02-03,Instagram,Instagram 통합 캠페인,23449.07,211,18,3556.9
2026-02-03,Meta,Meta 통합 캠페인,29440.17,264,19,1982.56
2026-02-03,Naver,Naver 통합 캠페인,35218.55,361,25,2451.21
2026-02-04,Google,Google 통합 캠페인,36844.37,445,30,2501.82
2026-02-04,Instagram,Instagram 통합 캠페인,23030.52,187,12,2456.94
2026-02-04,Meta,Meta 통합 캠페인,26505.32,282,28,3256.46
2026-02-04,Naver,Naver 통합 캠페인,31667.41,355,28,2752.37
2026-02-05,Google,Google 통합 캠페인,40884.979999999996,463,40,3495.81
2026-02-05,Instagram,Instagram 통합 캠페인,23502.1,194,21,4808.08
2026-02-05,Meta,Meta 통합 캠페인,29147.489999999998,270,25,3238.4
2026-02-05,Naver,Naver 통합 캠페인,34569.91,437,41,4200.09
2026-02-06,Google,Google 통합 캠페인,43170.11,477,36,2886.63
2026-02-06,Instagram,Instagram 통합 캠페인,24472.8,231,21,3290.27
2026-02-06,Meta,Meta 통합 캠페인,31623.129999999997,287,20,2267.46
2026-02-06,Naver,Naver 통합 캠페인,35510.19,416,33,3341.59
2026-02-07,Google,Google 통합 캠페인,56588.52,639,50,3240.02
2026-02-07,Instagram,Instagram 통합 캠페인,31975.260000000002,288,15,2352.24
2026-02-07,Meta,Meta 통합 캠페인,41114.4,383,23,1875.12
2026-02-07,Naver,Naver 통합 캠페인,46210.8,435,28,2245.59
2026-02-08,Google,Google 통합 캠페인,43679.78,429,40,3434.46
2026-02-08,Instagram,Instagram 통합 캠페인,25406.25,232,9,2018.76
2026-02-08,Meta,Meta 통합 캠페인,31996.39,281,19,2546.94
2026-02-08,Naver,Naver 통합 캠페인,36314.03,402,33,2982.57
2026-02-09,Google,Google 통합 캠페인,37318.09,445,25,2351.63
2026-02-09,Instagram,Instagram 통합 캠페인,23313.91,208,9,1346.15
2026-02-09,Meta,Meta 통합 캠페인,28435.29,242,16,2018.26
2026-02-09,Naver,Naver 통합 캠페인,33895.31,348,28,2696.59
2026-02-10,Google,Google 통합 캠페인,39530.18,455,35,2685.44
2026-02-10,Instagram,Instagram 통합 캠페인,23850.1,203,16,3412.68
2026-02-10,Meta,Meta 통합 캠페인,29859.18,267,24,3093.1
2026-02-10,Naver,Naver 통합 캠페인,34419.020000000004,344,21,2341.25
2026-02-11,Google,Google 통합 캠페인,37400.08,423,30,2452.96
2026-02-11,Instagram,Instagram 통합 캠페인,22739.45,228,22,4584.6
2026-02-11,Meta,Meta 통합 캠페인,28464.53,240,14,1823.6
2026-02-11,Naver,Naver 통합 캠페인,31887.260000000002,313,21,2393.76
2026-02-12,Google,Google 통합 캠페인,39198.33,486,34,3194.94
2026-02-12,Instagram,Instagram 통합 캠페인,23196.34,190,9,1612.94
2026-02-12,Meta,Meta 통합 캠페인,29628.449999999997,279,30,3318.38
2026-02-12,Naver,Naver 통합 캠페인,31721.739999999998,346,29,2938.74
2026-02-13,Google,Google 통합 캠페인,45095.89,566,54,3969.45
2026-02-13,Instagram,Instagram 통합 캠페인,26803.239999999998,264,27,4737.47
2026-02-13,Meta,Meta 통합 캠페인,32606.96,304,17,2321.15
2026-02-13,Naver,Naver 통합 캠페인,37279.2,426,21,1939.44
2026-02-14,Google,Google 통합 캠페인,49773.25,574,48,3517.67
2026-02-14,Instagram,Instagram 통합 캠페인,31184.72,295,16,2092.05
2026-02-14,Meta,Meta 통합 캠페인,39903.6,342,24,2106.13
2026-02-14,Naver,Naver 통합 캠페인,40973.56,450,28,2191.19
2026-02-15,Google,Google 통합 캠페인,45527.57,538,50,4404.33
2026-02-15,Instagram,Instagram 통합 캠페인,26314.14,218,18,3596.38
2026-02-15,Meta,Meta 통합 캠페인,33073.91,295,21,3106.42
2026-02-15,Naver,Naver 통합 캠페인,37959.83,410,37,3086.89
2026-02-16,Google,Google 통합 캠페인,31133.059999999998,381,28,2348.25
2026-02-16,Instagram,Instagram 통합 캠페인,19298.55,194,8,1474.63
2026-02-16,Meta,Meta 통합 캠페인,22261.25,186,14,1868.28
2026-02-16,Naver,Naver 통합 캠페인,28203.09,306,23,2414.0
2026-02-17,Google,Google 통합 캠페인,32317.16,366,23,2670.49
2026-02-17,Instagram,Instagram 통합 캠페인,19790.81,170,10,2955.0
2026-02-17,Meta,Meta 통합 캠페인,23581.489999999998,225,35,5236.79
2026-02-17,Naver,Naver 통합 캠페인,28088.5,295,35,5202.53
2026-02-18,Google,Google 통합 캠페인,37774.86,448,30,2772.46
2026-02-18,Instagram,Instagram 통합 캠페인,24423.14,203,10,2094.89
2026-02-18,Meta,Meta 통합 캠페인,28893.39,302,30,3250.28
2026-02-18,Naver,Naver 통합 캠페인,32748.94,368,31,3110.05
2026-02-19,Google,Google 통합 캠페인,44394.1,518,33,2488.85
2026-02-19,Instagram,Instagram 통합 캠페인,25572.48,214,18,3469.01
2026-02-19,Meta,Meta 통합 캠페인,32651.63,311,31,2813.77
2026-02-19,Naver,Naver 통합 캠페인,38681.14,400,28,2171.6
2026-02-20,Google,Google 통합 캠페인,43563.130000000005,520,34,2980.44
2026-02-20,Instagram,Instagram 통합 캠페인,27070.18,252,13,1932.65
2026-02-20,Meta,Meta 통합 캠페인,35006.0,318,27,2932.72
2026-02-20,Naver,Naver 통합 캠페인,36062.68,393,25,2327.09
2026-02-21,Google,Google 통합 캠페인,52599.87,647,40,2933.32
2026-02-21,Instagram,Instagram 통합 캠페인,30766.7,286,24,3623.83
2026-02-21,Meta,Meta 통합 캠페인,36617.66,352,31,3268.56
2026-02-21,Naver,Naver 통합 캠페인,41260.95,395,29,2369.32
2026-02-22,Google,Google 통합 캠페인,42215.44,507,43,3269.51
2026-02-22,Instagram,Instagram 통합 캠페인,25006.16,218,12,2297.41
2026-02-22,Meta,Meta 통합 캠페인,31845.66,255,16,1861.31
2026-02-22,Naver,Naver 통합 캠페인,35094.2,395,29,3165.24
2026-02-23,Google,Google 통합 캠페인,31035.690000000002,430,31,3145.05
2026-02-23,Instagram,Instagram 통합 캠페인,20813.34,221,20,4292.45
2026-02-23,Meta,Meta 통합 캠페인,23921.12,203,18,2632.79
2026-02-23,Naver,Naver 통합 캠페인,27399.85,259,19,1807.77
2026-02-24,Google,Google 통합 캠페인,39464.229999999996,482,30,2567.54
2026-02-24,Instagram,Instagram 통합 캠페인,23105.22,225,12,2599.13
2026-02-24,Meta,Meta 통합 캠페인,28706.18,237,27,3956.1
2026-02-24,Naver,Naver 통합 캠페인,33635.56,327,31,3608.53
2026-02-25,Google,Google 통합 캠페인,38567.240000000005,473,28,2468.93
2026-02-25,Instagram,Instagram 통합 캠페인,24103.18,229,21,4052.13
2026-02-25,Meta,Meta 통합 캠페인,28948.0,266,19,2204.72
2026-02-25,Naver,Naver 통합 캠페인,32976.08,348,34,3049.58
2026-02-26,Google,Google 통합 캠페인,40038.149999999994,452,37,2896.57
2026-02-26,Instagram,Instagram 통합 캠페인,25403.58,229,14,2701.24
2026-02-26,Meta,Meta 통합 캠페인,31911.18,290,18,2130.7
2026-02-26,Naver,Naver 통합 캠페인,34013.08,315,26,2161.32
2026-02-27,Google,Google 통합 캠페인,46341.09,575,55,3821.71
2026-02-27,Instagram,Instagram 통합 캠페인,27692.08,220,12,1675.63
2026-02-27,Meta,Meta 통합 캠페인,33719.04,290,24,2827.79
2026-02-27,Naver,Naver 통합 캠페인,40354.17,470,41,3371.07
2026-02-28,Google,Google 통합 캠페인,56141.9,688,49,3322.86
2026-02-28,Instagram,Instagram 통합 캠페인,31925.61,259,13,1984.25
2026-02-28,Meta,Meta 통합 캠페인,40047.79,361,32,3174.93
2026-02-28,Naver,Naver 통합 캠페인,43399.35,419,35,3208.83
2026-03-01,Google,Google 통합 캠페인,43251.37,526,34,3119.77
2026-03-01,Instagram,Instagram 통합 캠페인,24545.260000000002,230,20,4288.65
2026-03-01,Meta,Meta 통합 캠페인,32908.4,311,21,2873.95
2026-03-01,Naver,Naver 통합 캠페인,35728.12,374,21,1986.26
2026-03-02,Google,Google 통합 캠페인,27951.75,312,26,2767.49
2026-03-02,Instagram,Instagram 통합 캠페인,17808.25,157,12,2459.89
2026-03-02,Meta,Meta 통합 캠페인,21770.08,206,16,2205.58
2026-03-02,Naver,Naver 통합 캠페인,25948.16,302,22,2528.06
2026-03-03,Google,Google 통합 캠페인,34437.91,407,25,2067.55
2026-03-03,Instagram,Instagram 통합 캠페인,20598.81,217,11,2427.39
2026-03-03,Meta,Meta 통합 캠페인,24171.87,234,19,2677.14
2026-03-03,Naver,Naver 통합 캠페인,29028.56,341,26,3097.77
2026-03-04,Google,Google 통합 캠페인,33118.880000000005,399,41,3801.59
2026-03-04,Instagram,Instagram 통합 캠페인,21283.9,218,21,4219.75
2026-03-04,Meta,Meta 통합 캠페인,25212.989999999998,258,15,1932.86
2026-03-04,Naver,Naver 통합 캠페인,27706.22,317,24,2738.42
2026-03-05,Google,Google 통합 캠페인,32998.92,378,24,1865.67
2026-03-05,Instagram,Instagram 통합 캠페인,21507.87,198,16,2934.12
2026-03-05,Meta,Meta 통합 캠페인,26194.58,265,22,2647.57
2026-03-05,Naver,Naver 통합 캠페인,29421.65,293,18,2410.57
2026-03-06,Google,Google 통합 캠페인,42776.229999999996,463,38,2391.05
2026-03-06,Instagram,Instagram 통합 캠페인,26336.08,237,11,1735.05
2026-03-06,Meta,Meta 통합 캠페인,31393.95,271,17,2205.73
2026-03-06,Naver,Naver 통합 캠페인,37667.07,370,36,2990.85
2026-03-07,Google,Google 통합 캠페인,48350.3,561,41,2975.34
2026-03-07,Instagram,Instagram 통합 캠페인,30760.18,270,15,2069.38
2026-03-07,Meta,Meta 통합 캠페인,35644.12,337,17,1654.17
2026-03-07,Naver,Naver 통합 캠페인,41953.44,480,41,2910.85
2026-03-08,Google,Google 통합 캠페인,45349.4,519,39,3584.14
2026-03-08,Instagram,Instagram 통합 캠페인,26419.34,235,14,2463.31
2026-03-08,Meta,Meta 통합 캠페인,32906.29,290,23,2227.59
2026-03-08,Naver,Naver 통합 캠페인,37644.16,377,29,2866.82
2026-03-09,Google,Google 통합 캠페인,29717.84,355,30,3059.14
2026-03-09,Instagram,Instagram 통합 캠페인,19945.98,174,11,2758.1
2026-03-09,Meta,Meta 통합 캠페인,22346.31,188,19,2971.42
2026-03-09,Naver,Naver 통합 캠페인,27813.600000000002,294,29,3103.44
2026-03-10,Google,Google 통합 캠페인,31813.89,394,27,2706.4
2026-03-10,Instagram,Instagram 통합 캠페인,19586.91,175,13,2778.12
2026-03-10,Meta,Meta 통합 캠페인,25374.04,243,13,1641.95
2026-03-10,Naver,Naver 통합 캠페인,27851.83,294,18,2517.43
2026-03-11,Google,Google 통합 캠페인,37392.61,407,24,2084.96
2026-03-11,Instagram,Instagram 통합 캠페인,23551.07,209,12,2187.68
2026-03-11,Meta,Meta 통합 캠페인,30124.13,268,29,3537.62
2026-03-11,Naver,Naver 통합 캠페인,32185.839999999997,341,27,2760.31
2026-03-12,Google,Google 통합 캠페인,35553.53,429,36,3342.62
2026-03-12,Instagram,Instagram 통합 캠페인,22368.879999999997,182,15,2519.76
2026-03-12,Meta,Meta 통합 캠페인,29732.53,237,20,2377.64
2026-03-12,Naver,Naver 통합 캠페인,32531.629999999997,312,20,2302.55
2026-03-13,Google,Google 통합 캠페인,39222.5,462,33,2801.48
2026-03-13,Instagram,Instagram 통합 캠페인,24183.56,254,10,1845.05
2026-03-13,Meta,Meta 통합 캠페인,29405.21,278,22,2521.58
2026-03-13,Naver,Naver 통합 캠페인,33939.31,322,26,2162.25
2026-03-14,Google,Google 통합 캠페인,47238.05,534,30,2259.38
2026-03-14,Instagram,Instagram 통합 캠페인,28367.86,289,21,3485.46
2026-03-14,Meta,Meta 통합 캠페인,34772.06,338,22,2817.75
2026-03-14,Naver,Naver 통합 캠페인,38420.07,392,26,2624.52
2026-03-15,Google,Google 통합 캠페인,46266.99,569,35,2729.14
2026-03-15,Instagram,Instagram 통합 캠페인,28815.85,256,20,3132.31
2026-03-15,Meta,Meta 통합 캠페인,34184.86,308,21,2371.37
2026-03-15,Naver,Naver 통합 캠페인,39002.61,386,21,1831.13
2026-03-16,Google,Google 통합 캠페인,27743.46,337,24,2596.06
2026-03-16,Instagram,Instagram 통합 캠페인,17667.08,163,18,4336.05
2026-03-16,Meta,Meta 통합 캠페인,20702.29,182,18,3019.8
2026-03-16,Naver,Naver 통합 캠페인,25982.98,289,18,1928.28
2026-03-17,Google,Google 통합 캠페인,33725.34,372,19,1772.7
2026-03-17,Instagram,Instagram 통합 캠페인,21212.84,201,13,2831.61
2026-03-17,Meta,Meta 통합 캠페인,26760.74,212,17,2103.65
2026-03-17,Naver,Naver 통합 캠페인,31674.27,381,17,1437.58
2026-03-18,Google,Google 통합 캠페인,37137.02,455,28,2005.7
2026-03-18,Instagram,Instagram 통합 캠페인,23474.19,220,18,3151.8
2026-03-18,Meta,Meta 통합 캠페인,28348.11,253,23,2808.58
2026-03-18,Naver,Naver 통합 캠페인,31983.09,319,32,2961.62
2026-03-19,Google,Google 통합 캠페인,38901.2,473,34,2579.44
2026-03-19,Instagram,Instagram 통합 캠페인,23709.24,259,14,2601.93
2026-03-19,Meta,Meta 통합 캠페인,29109.39,277,19,1891.28
2026-03-19,Naver,Naver 통합 캠페인,33855.91,329,29,3067.8
2026-03-20,Google,Google 통합 캠페인,41918.81,494,38,3091.33
2026-03-20,Instagram,Instagram 통합 캠페인,25159.79,209,11,2451.18
2026-03-20,Meta,Meta 통합 캠페인,31491.64,311,21,2198.71
2026-03-20,Naver,Naver 통합 캠페인,35586.76,360,20,1736.39
2026-03-21,Google,Google 통합 캠페인,53873.850000000006,687,59,4192.38
2026-03-21,Instagram,Instagram 통합 캠페인,33093.53,276,26,3649.14
2026-03-21,Meta,Meta 통합 캠페인,38886.41,320,19,2055.74
2026-03-21,Naver,Naver 통합 캠페인,44386.54,410,36,2967.67
2026-03-22,Google,Google 통합 캠페인,40717.06,507,37,3422.42
2026-03-22,Instagram,Instagram 통합 캠페인,24149.68,203,18,3720.94
2026-03-22,Meta,Meta 통합 캠페인,29819.89,260,31,3466.66
2026-03-22,Naver,Naver 통합 캠페인,34494.73,315,23,2021.86
2026-03-23,Google,Google 통합 캠페인,31256.86,383,25,2408.03
2026-03-23,Instagram,Instagram 통합 캠페인,19173.05,175,11,2461.83
2026-03-23,Meta,Meta 통합 캠페인,22129.11,195,13,2062.71
2026-03-23,Naver,Naver 통합 캠페인,27702.8,298,24,2608.57
2026-03-24,Google,Google 통합 캠페인,34913.18,398,30,2648.25
2026-03-24,Instagram,Instagram 통합 캠페인,21333.91,175,10,2438.12
2026-03-24,Meta,Meta 통합 캠페인,25662.739999999998,196,9,1343.47
2026-03-24,Naver,Naver 통합 캠페인,30191.58,320,29,2289.56
2026-03-25,Google,Google 통합 캠페인,30734.35,374,24,2790.03
2026-03-25,Instagram,Instagram 통합 캠페인,19308.43,187,14,3008.04
2026-03-25,Meta,Meta 통합 캠페인,23113.3,187,15,2116.26
2026-03-25,Naver,Naver 통합 캠페인,27455.050000000003,297,26,3159.3
2026-03-26,Google,Google 통합 캠페인,39768.8,485,41,3608.87
2026-03-26,Instagram,Instagram 통합 캠페인,23763.879999999997,210,21,3807.92
2026-03-26,Meta,Meta 통합 캠페인,30781.94,268,17,1964.18
2026-03-26,Naver,Naver 통합 캠페인,34500.65,386,34,3178.34
2026-03-27,Google,Google 통합 캠페인,39415.51,475,44,3360.93
2026-03-27,Instagram,Instagram 통합 캠페인,26128.85,225,16,2523.88
2026-03-27,Meta,Meta 통합 캠페인,31260.079999999998,317,23,2575.46
2026-03-27,Naver,Naver 통합 캠페인,35056.04,377,30,2493.38
2026-03-28,Google,Google 통합 캠페인,41443.47,508,32,2405.15
2026-03-28,Instagram,Instagram 통합 캠페인,25359.079999999998,231,19,3569.17
2026-03-28,Meta,Meta 통합 캠페인,31677.34,234,18,2311.98
2026-03-28,Naver,Naver 통합 캠페인,35624.24,331,20,2379.35
2026-03-29,Google,Google 통합 캠페인,46522.2,538,48,3950.18
2026-03-29,Instagram,Instagram 통합 캠페인,26730.85,229,19,3425.06
2026-03-29,Meta,Meta 통합 캠페인,33734.770000000004,340,21,2400.94
2026-03-29,Naver,Naver 통합 캠페인,39621.270000000004,426,30,2373.11
2026-03-30,Google,Google 통합 캠페인,36705.229999999996,420,40,3393.38
2026-03-30,Instagram,Instagram 통합 캠페인,22834.61,205,19,3935.4
2026-03-30,Meta,Meta 통합 캠페인,27593.84,252,25,3164.21
2026-03-30,Naver,Naver 통합 캠페인,32083.35,326,31,3845.14
2026-03-31,Google,Google 통합 캠페인,32289.68,346,24,2063.66
2026-03-31,Instagram,Instagram 통합 캠페인,19960.83,187,16,4204.68
2026-03-31,Meta,Meta 통합 캠페인,23932.5,232,25,3840.2
2026-03-31,Naver,Naver 통합 캠페인,29124.01,328,25,2780.4
2026-04-01,Google,Google 통합 캠페인,36506.06,418,43,3651.37
2026-04-01,Instagram,Instagram 통합 캠페인,22513.03,210,19,3509.37
2026-04-01,Meta,Meta 통합 캠페인,26852.46,243,16,2282.52
2026-04-01,Naver,Naver 통합 캠페인,32152.77,301,14,1302.39
2026-04-02,Google,Google 통합 캠페인,39747.229999999996,469,41,3279.53
2026-04-02,Instagram,Instagram 통합 캠페인,24782.85,257,18,3295.3
2026-04-02,Meta,Meta 통합 캠페인,30695.96,279,15,1792.56
2026-04-02,Naver,Naver 통합 캠페인,35834.12,368,43,3464.35
2026-04-03,Google,Google 통합 캠페인,35981.91,412,40,3921.49
2026-04-03,Instagram,Instagram 통합 캠페인,23709.14,244,15,3252.51
2026-04-03,Meta,Meta 통합 캠페인,28403.5,285,23,2613.39
2026-04-03,Naver,Naver 통합 캠페인,33840.34,370,28,2588.63
2026-04-04,Google,Google 통합 캠페인,49625.94,611,44,3767.86
2026-04-04,Instagram,Instagram 통합 캠페인,30539.309999999998,277,23,3617.31
2026-04-04,Meta,Meta 통합 캠페인,36068.59,304,21,2291.36
2026-04-04,Naver,Naver 통합 캠페인,39309.03,421,43,3920.41
2026-04-05,Google,Google 통합 캠페인,36408.61,461,37,3083.37
2026-04-05,Instagram,Instagram 통합 캠페인,22805.67,217,16,2653.52
2026-04-05,Meta,Meta 통합 캠페인,28301.89,237,18,2237.53
2026-04-05,Naver,Naver 통합 캠페인,30506.269999999997,294,22,2381.5
2026-04-06,Google,Google 통합 캠페인,29281.25,352,21,2015.63
2026-04-06,Instagram,Instagram 통합 캠페인,19873.18,203,17,3504.27
2026-04-06,Meta,Meta 통합 캠페인,22841.27,211,19,2706.64
2026-04-06,Naver,Naver 통합 캠페인,26967.32,326,30,3860.03
2026-04-07,Google,Google 통합 캠페인,34202.48,387,27,2804.55
2026-04-07,Instagram,Instagram 통합 캠페인,20482.77,205,9,2194.4
2026-04-07,Meta,Meta 통합 캠페인,25893.19,236,15,2283.42
2026-04-07,Naver,Naver 통합 캠페인,29519.11,323,16,1932.33
2026-04-08,Google,Google 통합 캠페인,31833.82,349,22,1734.81
2026-04-08,Instagram,Instagram 통합 캠페인,21051.67,184,11,2067.64
2026-04-08,Meta,Meta 통합 캠페인,24371.809999999998,234,24,2710.27
2026-04-08,Naver,Naver 통합 캠페인,27341.02,312,26,3412.16
2026-04-09,Google,Google 통합 캠페인,34571.95,407,31,2567.23
2026-04-09,Instagram,Instagram 통합 캠페인,23362.9,175,11,2121.03
2026-04-09,Meta,Meta 통합 캠페인,26690.63,227,27,3867.09
2026-04-09,Naver,Naver 통합 캠페인,29042.32,315,16,1794.1
2026-04-10,Google,Google 통합 캠페인,38391.42,462,33,2866.6
2026-04-10,Instagram,Instagram 통합 캠페인,23434.69,261,20,4000.98
2026-04-10,Meta,Meta 통합 캠페인,28979.690000000002,257,19,2548.54
2026-04-10,Naver,Naver 통합 캠페인,30736.31,359,23,2088.12
2026-04-11,Google,Google 통합 캠페인,42070.99,471,29,2417.16
2026-04-11,Instagram,Instagram 통합 캠페인,25925.260000000002,236,17,2848.01
2026-04-11,Meta,Meta 통합 캠페인,30184.28,270,12,1377.23
2026-04-11,Naver,Naver 통합 캠페인,35314.729999999996,364,41,3984.03
2026-04-12,Google,Google 통합 캠페인,36680.29,449,34,2684.7
2026-04-12,Instagram,Instagram 통합 캠페인,22108.23,193,14,2482.89
2026-04-12,Meta,Meta 통합 캠페인,26516.12,254,20,2260.44
2026-04-12,Naver,Naver 통합 캠페인,30530.78,282,24,2527.85
2026-04-13,Google,Google 통합 캠페인,27111.51,316,29,2776.83
2026-04-13,Instagram,Instagram 통합 캠페인,18340.49,206,12,2557.61
2026-04-13,Meta,Meta 통합 캠페인,22497.6,215,17,2223.58
2026-04-13,Naver,Naver 통합 캠페인,25246.71,241,21,2225.22
2026-04-14,Google,Google 통합 캠페인,28442.1,337,26,2203.05
2026-04-14,Instagram,Instagram 통합 캠페인,18609.24,173,8,1444.28
2026-04-14,Meta,Meta 통합 캠페인,21157.62,177,13,2020.38
2026-04-14,Naver,Naver 통합 캠페인,26638.43,336,33,3188.31
2026-04-15,Google,Google 통합 캠페인,28977.159999999996,325,23,1962.93
2026-04-15,Instagram,Instagram 통합 캠페인,17761.03,138,11,2375.11
2026-04-15,Meta,Meta 통합 캠페인,23659.5,193,14,1701.73
2026-04-15,Naver,Naver 통합 캠페인,26874.81,311,17,1901.09
2026-04-16,Google,Google 통합 캠페인,28806.65,327,22,2039.23
2026-04-16,Instagram,Instagram 통합 캠페인,19921.58,181,11,2371.04
2026-04-16,Meta,Meta 통합 캠페인,23317.489999999998,211,16,2230.46
2026-04-16,Naver,Naver 통합 캠페인,28122.09,303,21,2148.33
2026-04-17,Google,Google 통합 캠페인,41081.9,496,39,3311.25
2026-04-17,Instagram,Instagram 통합 캠페인,25320.629999999997,199,11,1784.59
2026-04-17,Meta,Meta 통합 캠페인,31251.46,288,21,2225.8
2026-04-17,Naver,Naver 통합 캠페인,35858.34,336,23,2404.88
2026-04-18,Google,Google 통합 캠페인,48134.07,584,36,2946.14
2026-04-18,Instagram,Instagram 통합 캠페인,28425.99,230,19,2872.87
2026-04-18,Meta,Meta 통합 캠페인,35378.92,301,21,1987.36
2026-04-18,Naver,Naver 통합 캠페인,37448.94,402,29,3005.4
2026-04-19,Google,Google 통합 캠페인,37577.99,403,25,3046.08
2026-04-19,Instagram,Instagram 통합 캠페인,22036.47,225,21,4643.99
2026-04-19,Meta,Meta 통합 캠페인,27502.33,249,16,3027.3
2026-04-19,Naver,Naver 통합 캠페인,29365.3,292,17,2554.84
2026-04-20,Google,Google 통합 캠페인,24572.52,274,21,2143.7
2026-04-20,Instagram,Instagram 통합 캠페인,16204.52,124,8,2089.69
2026-04-20,Meta,Meta 통합 캠페인,19143.15,188,15,2510.13
2026-04-20,Naver,Naver 통합 캠페인,22029.809999999998,244,16,2500.48
2026-04-21,Google,Google 통합 캠페인,34216.11,424,34,3374.15
2026-04-21,Instagram,Instagram 통합 캠페인,20863.38,208,14,2831.21
2026-04-21,Meta,Meta 통합 캠페인,25059.56,223,17,2533.38
2026-04-21,Naver,Naver 통합 캠페인,28615.95,283,13,1641.2
2026-04-22,Google,Google 통합 캠페인,36141.9,463,31,2866.04
2026-04-22,Instagram,Instagram 통합 캠페인,21696.14,235,19,3696.01
2026-04-22,Meta,Meta 통합 캠페인,27135.11,240,16,2710.97
2026-04-22,Naver,Naver 통합 캠페인,29434.83,332,19,1688.24
2026-04-23,Google,Google 통합 캠페인,34191.18,413,25,2402.03
2026-04-23,Instagram,Instagram 통합 캠페인,20614.35,193,15,3334.14
2026-04-23,Meta,Meta 통합 캠페인,25347.14,238,19,2910.23
2026-04-23,Naver,Naver 통합 캠페인,28969.07,287,23,2651.98
2026-04-24,Google,Google 통합 캠페인,39554.65,487,25,2366.64
2026-04-24,Instagram,Instagram 통합 캠페인,24748.489999999998,216,17,3185.54
2026-04-24,Meta,Meta 통합 캠페인,29342.690000000002,239,12,1516.13
2026-04-24,Naver,Naver 통합 캠페인,33110.01,354,31,3384.38
2026-04-25,Google,Google 통합 캠페인,47520.28999999999,557,45,3657.04
2026-04-25,Instagram,Instagram 통합 캠페인,28374.65,258,25,3515.92
2026-04-25,Meta,Meta 통합 캠페인,35230.18,279,16,1651.01
2026-04-25,Naver,Naver 통합 캠페인,38261.59,374,38,3683.02
2026-04-26,Google,Google 통합 캠페인,47835.92,557,23,1372.2
2026-04-26,Instagram,Instagram 통합 캠페인,29340.92,248,16,2096.59
2026-04-26,Meta,Meta 통합 캠페인,37167.34,334,17,1448.9
2026-04-26,Naver,Naver 통합 캠페인,40387.7,484,26,1951.78
2026-04-27,Google,Google 통합 캠페인,26391.93,300,27,2579.99
2026-04-27,Instagram,Instagram 통합 캠페인,18485.53,167,14,3027.41
2026-04-27,Meta,Meta 통합 캠페인,21781.13,179,10,1430.08
2026-04-27,Naver,Naver 통합 캠페인,25845.620000000003,290,19,1983.6
2026-04-28,Google,Google 통합 캠페인,29388.92,375,28,2174.27
2026-04-28,Instagram,Instagram 통합 캠페인,21457.06,190,14,2722.48
2026-04-28,Meta,Meta 통합 캠페인,23807.06,247,21,2374.03
2026-04-28,Naver,Naver 통합 캠페인,29354.73,314,15,1278.4
2026-04-29,Google,Google 통합 캠페인,28896.73,327,28,2554.56
2026-04-29,Instagram,Instagram 통합 캠페인,20709.86,212,12,2350.61
2026-04-29,Meta,Meta 통합 캠페인,23375.0,217,7,1082.79
2026-04-29,Naver,Naver 통합 캠페인,27743.27,334,26,3031.9
2026-04-30,Google,Google 통합 캠페인,41380.38,493,36,3027.57
2026-04-30,Instagram,Instagram 통합 캠페인,25524.16,196,10,1528.49
2026-04-30,Meta,Meta 통합 캠페인,30362.56,301,20,2196.8
2026-04-30,Naver,Naver 통합 캠페인,34978.45,382,25,2226.03
2026-05-01,Google,Google 통합 캠페인,43924.81,459,43,3058.19
2026-05-01,Instagram,Instagram 통합 캠페인,27212.89,225,17,3437.4
2026-05-01,Meta,Meta 통합 캠페인,33928.17,281,22,2187.22
2026-05-01,Naver,Naver 통합 캠페인,38663.020000000004,423,29,2337.83
2026-05-02,Google,Google 통합 캠페인,49501.3,570,45,3334.69
2026-05-02,Instagram,Instagram 통합 캠페인,33567.1,350,30,4251.5
2026-05-02,Meta,Meta 통합 캠페인,38767.93,329,26,2539.83
2026-05-02,Naver,Naver 통합 캠페인,43222.67,468,34,2748.89
2026-05-03,Google,Google 통합 캠페인,40459.89,465,43,3162.28
2026-05-03,Instagram,Instagram 통합 캠페인,23018.63,233,16,3523.45
2026-05-03,Meta,Meta 통합 캠페인,29857.91,245,15,1756.55
2026-05-03,Naver,Naver 통합 캠페인,32378.07,335,21,2559.45
2026-05-04,Google,Google 통합 캠페인,34468.32,428,35,2922.57
2026-05-04,Instagram,Instagram 통합 캠페인,21261.48,182,15,2767.85
2026-05-04,Meta,Meta 통합 캠페인,24994.92,236,20,2541.15
2026-05-04,Naver,Naver 통합 캠페인,30246.260000000002,333,22,2563.03
2026-05-05,Google,Google 통합 캠페인,32155.9,378,34,2822.03
2026-05-05,Instagram,Instagram 통합 캠페인,20851.08,197,11,2789.98
2026-05-05,Meta,Meta 통합 캠페인,24609.78,235,19,2210.29
2026-05-05,Naver,Naver 통합 캠페인,29650.65,294,20,1744.4
2026-05-06,Google,Google 통합 캠페인,32449.45,433,28,3345.98
2026-05-06,Instagram,Instagram 통합 캠페인,20499.98,180,19,4356.11
2026-05-06,Meta,Meta 통합 캠페인,24795.39,206,16,2621.68
2026-05-06,Naver,Naver 통합 캠페인,26397.5,275,13,1418.95
2026-05-07,Google,Google 통합 캠페인,27331.9,296,7,809.11
2026-05-07,Instagram,Instagram 통합 캠페인,17789.43,164,8,2109.69
2026-05-07,Meta,Meta 통합 캠페인,21089.49,186,9,747.77
2026-05-07,Naver,Naver 통합 캠페인,23357.16,253,22,2736.08
2026-05-08,Google,Google 통합 캠페인,29392.62,377,27,3569.5
2026-05-08,Instagram,Instagram 통합 캠페인,18886.23,183,16,3889.8
2026-05-08,Meta,Meta 통합 캠페인,23234.059999999998,222,16,2322.32
2026-05-08,Naver,Naver 통합 캠페인,23012.870000000003,217,9,1049.75
2026-05-09,Google,Google 통합 캠페인,45373.42,548,39,2555.55
2026-05-09,Instagram,Instagram 통합 캠페인,28453.37,219,19,2419.75
2026-05-09,Meta,Meta 통합 캠페인,33482.65,281,19,1678.04
2026-05-09,Naver,Naver 통합 캠페인,37967.229999999996,445,41,3104.55
2026-05-10,Google,Google 통합 캠페인,35869.12,441,27,2441.1
2026-05-10,Instagram,Instagram 통합 캠페인,24493.32,218,15,2333.69
2026-05-10,Meta,Meta 통합 캠페인,28724.69,226,20,2401.9
2026-05-10,Naver,Naver 통합 캠페인,34299.44,334,21,1834.5
2026-05-11,Google,Google 통합 캠페인,27264.8,301,22,2137.11
2026-05-11,Instagram,Instagram 통합 캠페인,18631.2,179,10,2280.89
2026-05-11,Meta,Meta 통합 캠페인,22689.14,203,12,1748.29
2026-05-11,Naver,Naver 통합 캠페인,26257.98,252,18,1816.37
2026-05-12,Google,Google 통합 캠페인,27116.31,308,15,1621.75
2026-05-12,Instagram,Instagram 통합 캠페인,18306.32,159,9,2229.3
2026-05-12,Meta,Meta 통합 캠페인,21146.34,199,11,1879.31
2026-05-12,Naver,Naver 통합 캠페인,25545.48,287,24,2738.22
2026-05-13,Google,Google 통합 캠페인,33768.73,407,28,3067.85
2026-05-13,Instagram,Instagram 통합 캠페인,19815.36,169,12,2285.35
2026-05-13,Meta,Meta 통합 캠페인,25041.45,231,18,1930.46
2026-05-13,Naver,Naver 통합 캠페인,28512.86,279,20,2480.13
2026-05-14,Google,Google 통합 캠페인,37673.520000000004,433,23,2337.87
2026-05-14,Instagram,Instagram 통합 캠페인,23627.72,223,19,3353.11
2026-05-14,Meta,Meta 통합 캠페인,28561.59,264,15,2010.79
2026-05-14,Naver,Naver 통합 캠페인,31701.100000000002,375,28,3199.29
2026-05-15,Google,Google 통합 캠페인,45236.04,508,31,2358.93
2026-05-15,Instagram,Instagram 통합 캠페인,29106.8,282,28,4640.73
2026-05-15,Meta,Meta 통합 캠페인,34334.67,301,29,3057.02
2026-05-15,Naver,Naver 통합 캠페인,38005.21,387,25,2206.38
2026-05-16,Google,Google 통합 캠페인,47111.94,545,39,2809.56
2026-05-16,Instagram,Instagram 통합 캠페인,27994.11,259,21,3553.41
2026-05-16,Meta,Meta 통합 캠페인,35667.49,332,33,3093.13
2026-05-16,Naver,Naver 통합 캠페인,38033.88,405,24,2388.6
2026-05-17,Google,Google 통합 캠페인,42455.15,490,36,2848.38
2026-05-17,Instagram,Instagram 통합 캠페인,26267.3,231,17,2938.15
2026-05-17,Meta,Meta 통합 캠페인,31481.35,261,18,1945.34
2026-05-17,Naver,Naver 통합 캠페인,36163.2,369,28,2419.28
2026-05-18,Google,Google 통합 캠페인,30378.23,355,28,2549.82
2026-05-18,Instagram,Instagram 통합 캠페인,19129.43,168,11,2514.31
2026-05-18,Meta,Meta 통합 캠페인,22816.64,199,8,1220.72
2026-05-18,Naver,Naver 통합 캠페인,27074.86,258,19,2000.97
2026-05-19,Google,Google 통합 캠페인,26254.71,287,16,1760.16
2026-05-19,Instagram,Instagram 통합 캠페인,18059.1,159,11,2501.07
2026-05-19,Meta,Meta 통합 캠페인,19849.04,196,11,2190.32
2026-05-19,Naver,Naver 통합 캠페인,25783.56,252,21,2239.33
2026-05-20,Google,Google 통합 캠페인,46236.380000000005,563,41,2819.6
2026-05-20,Instagram,Instagram 통합 캠페인,28029.87,280,13,2046.5
2026-05-20,Meta,Meta 통합 캠페인,33713.5,275,19,1833.48
2026-05-20,Naver,Naver 통합 캠페인,38780.28,485,29,3185.45
2026-05-21,Google,Google 통합 캠페인,42509.32,484,40,3159.94
2026-05-21,Instagram,Instagram 통합 캠페인,27365.95,287,15,2212.27
2026-05-21,Meta,Meta 통합 캠페인,32054.11,292,16,1728.46
2026-05-21,Naver,Naver 통합 캠페인,33605.17,402,38,4008.41
2026-05-22,Google,Google 통합 캠페인,56645.08,657,54,3506.92
2026-05-22,Instagram,Instagram 통합 캠페인,33488.14,286,22,3375.34
2026-05-22,Meta,Meta 통합 캠페인,40048.41,380,27,2799.73
2026-05-22,Naver,Naver 통합 캠페인,47324.67,521,39,3274.38
2026-05-23,Google,Google 통합 캠페인,66284.9,704,50,3523.53
2026-05-23,Instagram,Instagram 통합 캠페인,40774.0,360,20,2309.57
2026-05-23,Meta,Meta 통합 캠페인,47358.369999999995,435,30,2477.27
2026-05-23,Naver,Naver 통합 캠페인,51330.229999999996,499,45,3479.63
2026-05-24,Google,Google 통합 캠페인,48903.97,568,34,2161.48
2026-05-24,Instagram,Instagram 통합 캠페인,32418.94,317,16,2124.69
2026-05-24,Meta,Meta 통합 캠페인,37041.81,339,33,2915.32
2026-05-24,Naver,Naver 통합 캠페인,41909.99,477,36,3037.27
2026-05-25,Google,Google 통합 캠페인,40564.81,439,41,3037.61
2026-05-25,Instagram,Instagram 통합 캠페인,28639.95,288,24,3367.77
2026-05-25,Meta,Meta 통합 캠페인,32682.15,299,18,1728.35
2026-05-25,Naver,Naver 통합 캠페인,38361.47,358,19,1604.16
2026-05-26,Google,Google 통합 캠페인,43961.87,475,24,1363.08
2026-05-26,Instagram,Instagram 통합 캠페인,28994.52,283,24,3719.11
2026-05-26,Meta,Meta 통합 캠페인,33590.38,290,30,3140.8
2026-05-26,Naver,Naver 통합 캠페인,37723.630000000005,427,25,2401.67
2026-05-27,Google,Google 통합 캠페인,51118.14,570,47,3760.12
2026-05-27,Instagram,Instagram 통합 캠페인,30345.29,301,32,4781.52
2026-05-27,Meta,Meta 통합 캠페인,36706.1,349,29,2533.46
2026-05-27,Naver,Naver 통합 캠페인,44009.78,488,34,2744.85
2026-05-28,Google,Google 통합 캠페인,44813.34,556,36,2918.18
2026-05-28,Instagram,Instagram 통합 캠페인,28576.84,269,16,2874.52
2026-05-28,Meta,Meta 통합 캠페인,34245.17,329,23,2371.55
2026-05-28,Naver,Naver 통합 캠페인,38632.7,417,34,2882.82
2026-05-29,Google,Google 통합 캠페인,60930.83,678,68,4883.69
2026-05-29,Instagram,Instagram 통합 캠페인,35656.880000000005,331,24,3428.48
2026-05-29,Meta,Meta 통합 캠페인,45023.41,426,34,2753.92
2026-05-29,Naver,Naver 통합 캠페인,47165.96,556,53,3943.59
2026-05-30,Google,Google 통합 캠페인,52547.77,597,52,3697.42
2026-05-30,Instagram,Instagram 통합 캠페인,31628.04,276,15,1841.58
2026-05-30,Meta,Meta 통합 캠페인,41629.12,400,27,2779.7
2026-05-30,Naver,Naver 통합 캠페인,42874.8,426,21,1846.79
2026-05-31,Google,Google 통합 캠페인,51156.67,554,41,3441.88
2026-05-31,Instagram,Instagram 통합 캠페인,31774.21,289,26,3578.09
2026-05-31,Meta,Meta 통합 캠페인,41739.57,406,32,3336.26
2026-05-31,Naver,Naver 통합 캠페인,39372.41,411,25,2296.83
2026-06-01,Google,Google 통합 캠페인,26461.75,332,23,2364.42
2026-06-01,Instagram,Instagram 통합 캠페인,18870.53,150,14,2962.33
2026-06-01,Meta,Meta 통합 캠페인,21842.78,213,12,1899.19
2026-06-01,Naver,Naver 통합 캠페인,22852.43,242,23,3024.82
2026-06-02,Google,Google 통합 캠페인,31982.8,378,29,2652.89
2026-06-02,Instagram,Instagram 통합 캠페인,21595.07,169,8,1539.66
2026-06-02,Meta,Meta 통합 캠페인,25559.48,233,14,2228.19
2026-06-02,Naver,Naver 통합 캠페인,26259.550000000003,269,18,2257.03
2026-06-03,Google,Google 통합 캠페인,31568.77,359,34,3124.98
2026-06-03,Instagram,Instagram 통합 캠페인,21129.64,214,20,4477.73
2026-06-03,Meta,Meta 통합 캠페인,25271.08,240,16,2438.47
2026-06-03,Naver,Naver 통합 캠페인,26481.71,290,23,2390.71
2026-06-04,Google,Google 통합 캠페인,27259.010000000002,300,32,2590.23
2026-06-04,Instagram,Instagram 통합 캠페인,17745.5,184,9,1856.03
2026-06-04,Meta,Meta 통합 캠페인,21591.4,176,13,1365.18
2026-06-04,Naver,Naver 통합 캠페인,25099.899999999998,285,20,1813.83
2026-06-05,Google,Google 통합 캠페인,71216.15,792,50,3361.0
2026-06-05,Instagram,Instagram 통합 캠페인,45727.81,355,32,2210.01
2026-06-05,Meta,Meta 통합 캠페인,47592.08,456,41,3010.12
2026-06-05,Naver,Naver 통합 캠페인,61175.35,583,46,2916.78
2026-06-06,Google,Google 통합 캠페인,52321.92,644,27,1180.3
2026-06-06,Instagram,Instagram 통합 캠페인,35334.39,377,21,1736.22
2026-06-06,Meta,Meta 통합 캠페인,37323.2,354,22,1673.34
2026-06-06,Naver,Naver 통합 캠페인,48256.03,464,29,1553.45
2026-06-07,Google,Google 통합 캠페인,27895.69,296,21,1846.11
2026-06-07,Instagram,Instagram 통합 캠페인,21186.93,197,17,3414.24
2026-06-07,Meta,Meta 통합 캠페인,26641.98,204,11,1520.29
2026-06-07,Naver,Naver 통합 캠페인,26894.21,276,22,2086.24
2026-06-08,Google,Google 통합 캠페인,32891.6,400,36,3513.98
2026-06-08,Instagram,Instagram 통합 캠페인,25500.190000000002,243,7,1619.48
2026-06-08,Meta,Meta 통합 캠페인,24853.22,231,19,2291.56
2026-06-08,Naver,Naver 통합 캠페인,27245.61,292,18,1870.07
2026-06-09,Google,Google 통합 캠페인,29967.32,348,33,3656.58
2026-06-09,Instagram,Instagram 통합 캠페인,23615.14,210,8,1227.78
2026-06-09,Meta,Meta 통합 캠페인,22666.86,185,11,2130.87
2026-06-09,Naver,Naver 통합 캠페인,23353.2,223,19,2091.12
2026-06-10,Google,Google 통합 캠페인,33622.71,427,26,2814.77
2026-06-10,Instagram,Instagram 통합 캠페인,24790.3,237,14,1677.76
2026-06-10,Meta,Meta 통합 캠페인,24227.45,217,15,2685.19
2026-06-10,Naver,Naver 통합 캠페인,27516.11,247,14,1912.69
2026-06-11,Google,Google 통합 캠페인,37224.09,454,37,3679.81
2026-06-11,Instagram,Instagram 통합 캠페인,25967.41,235,9,1676.89
2026-06-11,Meta,Meta 통합 캠페인,27044.38,207,15,2045.99
2026-06-11,Naver,Naver 통합 캠페인,30060.77,328,27,2772.15
2026-06-12,Google,Google 통합 캠페인,34916.49,425,33,3339.18
2026-06-12,Instagram,Instagram 통합 캠페인,24251.08,198,7,1417.44
2026-06-12,Meta,Meta 통합 캠페인,24710.12,199,10,1734.54
2026-06-12,Naver,Naver 통합 캠페인,26286.5,309,10,1512.76
2026-06-13,Google,Google 통합 캠페인,36684.28,447,30,2495.14
2026-06-13,Instagram,Instagram 통합 캠페인,27667.350000000002,270,11,1410.27
2026-06-13,Meta,Meta 통합 캠페인,26480.37,241,16,2439.77
2026-06-13,Naver,Naver 통합 캠페인,26874.75,251,25,2702.47
2026-06-14,Google,Google 통합 캠페인,51076.85,649,45,5764.97
2026-06-14,Instagram,Instagram 통합 캠페인,32425.190000000002,321,11,1408.04
2026-06-14,Meta,Meta 통합 캠페인,34265.45,299,15,1857.85
2026-06-14,Naver,Naver 통합 캠페인,33110.06,340,28,3615.29
